Workbook

Sheet Англ. язык
A1: Класс | B1: Ученик | D1: Класс | E1: Кол-во
A2: 8В | B2: Абатуров Алексей Максимович | D2: 4А | E2: =COUNTIF(A:A, "4А")
A3: 8В | B3: Автонеева Елизавета Станиславовна | D3: 4Б | E3: =COUNTIF(A:A, "4Б")
A4: 8В | B4: Акимова Анастасия Андреевна | D4: 4В | E4: =COUNTIF(A:A, "4В")
A5: 8В | B5: Андреева Полина Николаевна | D5: 4Г | E5: =COUNTIF(A:A, "4Г")
D6: 4Д | E6: =COUNTIF(A:A, "4Д")
D7: 5А | E7: =COUNTIF(A:A, "5А")
D8: 5Б | E8: =COUNTIF(A:A, "5Б")
D9: 5В | E9: =COUNTIF(A:A, "5В")
D10: 5Г | E10: =COUNTIF(A:A, "5Г")
D11: 5Д | E11: =COUNTIF(A:A, "5Д")
D12: 6А | E12: =COUNTIF(A:A, "6А")
D13: 6Б | E13: =COUNTIF(A:A, "6Б")
D14: 6В | E14: =COUNTIF(A:A, "6В")
D15: 6Г | E15: =COUNTIF(A:A, "6Г")
D16: 6Д | E16: =COUNTIF(A:A, "6Д")
D17: 7А | E17: =COUNTIF(A:A, "7А")
D18: 7Б | E18: =COUNTIF(A:A, "7Б")
D19: 7В | E19: =COUNTIF(A:A, "7В")
D20: 7Г | E20: =COUNTIF(A:A, "7Г")
D21: 8А | E21: =COUNTIF(A:A, "8А")
D22: 8Б | E22: =COUNTIF(A:A, "8Б")
D23: 8В | E23: =COUNTIF(A:A, "8В")
D24: 9А | E24: =COUNTIF(A:A, "9А")
D25: 9Б | E25: =COUNTIF(A:A, "9Б")
D26: 9В | E26: =COUNTIF(A:A, "9В")
D27: 9Г | E27: =COUNTIF(A:A, "9Г")
D28: 10А | E28: =COUNTIF(A:A, "10А")
D29: 10Б | E29: =COUNTIF(A:A, "10Б")
D30: 11А | E30: =COUNTIF(A:A, "11А")
D31: 11Б | E31: =COUNTIF(A:A, "11Б")
D32: Всего: | E32: =SUM(E2:E31)

Sheet Астрономия
A1: Класс | B1: Ученик | D1: Класс | E1: Кол-во
A2: 8В | B2: Андреева Полина Николаевна | D2: 4А | E2: =COUNTIF(A:A, "4А")
A3: 8В | B3: Анисимкова Ксения Артемовна | D3: 4Б | E3: =COUNTIF(A:A, "4Б")
A4: 8В | B4: Байдацкий Артём Владимирович | D4: 4В | E4: =COUNTIF(A:A, "4В")
A5: 8В | B5: Боровков Михаил Евгеньевич | D5: 4Г | E5: =COUNTIF(A:A, "4Г")
D6: 4Д | E6: =COUNTIF(A:A, "4Д")
D7: 5А | E7: =COUNTIF(A:A, "5А")
D8: 5Б | E8: =COUNTIF(A:A, "5Б")
D9: 5В | E9: =COUNTIF(A:A, "5В")
D10: 5Г | E10: =COUNTIF(A:A, "5Г")
D11: 5Д | E11: =COUNTIF(A:A, "5Д")
D12: 6А | E12: =COUNTIF(A:A, "6А")
D13: 6Б | E13: =COUNTIF(A:A, "6Б")
D14: 6В | E14: =COUNTIF(A:A, "6В")
D15: 6Г | E15: =COUNTIF(A:A, "6Г")
D16: 6Д | E16: =COUNTIF(A:A, "6Д")
D17: 7А | E17: =COUNTIF(A:A, "7А")
D18: 7Б | E18: =COUNTIF(A:A, "7Б")
D19: 7В | E19: =COUNTIF(A:A, "7В")
D20: 7Г | E20: =COUNTIF(A:A, "7Г")
D21: 8А | E21: =COUNTIF(A:A, "8А")
D22: 8Б | E22: =COUNTIF(A:A, "8Б")
D23: 8В | E23: =COUNTIF(A:A, "8В")
D24: 9А | E24: =COUNTIF(A:A, "9А")
D25: 9Б | E25: =COUNTIF(A:A, "9Б")
D26: 9В | E26: =COUNTIF(A:A, "9В")
D27: 9Г | E27: =COUNTIF(A:A, "9Г")
D28: 10А | E28: =COUNTIF(A:A, "10А")
D29: 10Б | E29: =COUNTIF(A:A, "10Б")
D30: 11А | E30: =COUNTIF(A:A, "11А")
D31: 11Б | E31: =COUNTIF(A:A, "11Б")
D32: Всего: | E32: =SUM(E2:E31)

Sheet Биология
A1: Класс | B1: Ученик | D1: Класс | E1: Кол-во
A2: 8В | B2: Боровков Михаил Евгеньевич | D2: 4А | E2: =COUNTIF(A:A, "4А")
A3: 8В | B3: Будник Галина Денисовна | D3: 4Б | E3: =COUNTIF(A:A, "4Б")
A4: 8В | B4: Вайс Арина Аркадьевна | D4: 4В | E4: =COUNTIF(A:A, "4В")
A5: 8В | B5: Валиуллина Эвелина Вадимовна | D5: 4Г | E5: =COUNTIF(A:A, "4Г")
D6: 4Д | E6: =COUNTIF(A:A, "4Д")
D7: 5А | E7: =COUNTIF(A:A, "5А")
D8: 5Б | E8: =COUNTIF(A:A, "5Б")
D9: 5В | E9: =COUNTIF(A:A, "5В")
D10: 5Г | E10: =COUNTIF(A:A, "5Г")
D11: 5Д | E11: =COUNTIF(A:A, "5Д")
D12: 6А | E12: =COUNTIF(A:A, "6А")
D13: 6Б | E13: =COUNTIF(A:A, "6Б")
D14: 6В | E14: =COUNTIF(A:A, "6В")
D15: 6Г | E15: =COUNTIF(A:A, "6Г")
D16: 6Д | E16: =COUNTIF(A:A, "6Д")
D17: 7А | E17: =COUNTIF(A:A, "7А")
D18: 7Б | E18: =COUNTIF(A:A, "7Б")
D19: 7В | E19: =COUNTIF(A:A, "7В")
D20: 7Г | E20: =COUNTIF(A:A, "7Г")
D21: 8А | E21: =COUNTIF(A:A, "8А")
D22: 8Б | E22: =COUNTIF(A:A, "8Б")
D23: 8В | E23: =COUNTIF(A:A, "8В")
D24: 9А | E24: =COUNTIF(A:A, "9А")
D25: 9Б | E25: =COUNTIF(A:A, "9Б")
D26: 9В | E26: =COUNTIF(A:A, "9В")
D27: 9Г | E27: =COUNTIF(A:A, "9Г")
D28: 10А | E28: =COUNTIF(A:A, "10А")
D29: 10Б | E29: =COUNTIF(A:A, "10Б")
D30: 11А | E30: =COUNTIF(A:A, "11А")
D31: 11Б | E31: =COUNTIF(A:A, "11Б")
D32: Всего: | E32: =SUM(E2:E31)

Sheet География
A1: Класс | B1: Ученик | D1: Класс | E1: Кол-во
A2: 8В | B2: Валиуллина Эвелина Вадимовна | D2: 4А | E2: =COUNTIF(A:A, "4А")
A3: 8В | B3: Джавадов Максим Садатович | D3: 4Б | E3: =COUNTIF(A:A, "4Б")
A4: 8В | B4: Замятин Роман Алексеевич | D4: 4В | E4: =COUNTIF(A:A, "4В")
A5: 8В | B5: Зубарев Алексей Михайлович | D5: 4Г | E5: =COUNTIF(A:A, "4Г")
D6: 4Д | E6: =COUNTIF(A:A, "4Д")
D7: 5А | E7: =COUNTIF(A:A, "5А")
D8: 5Б | E8: =COUNTIF(A:A, "5Б")
D9: 5В | E9: =COUNTIF(A:A, "5В")
D10: 5Г | E10: =COUNTIF(A:A, "5Г")
D11: 5Д | E11: =COUNTIF(A:A, "5Д")
D12: 6А | E12: =COUNTIF(A:A, "6А")
D13: 6Б | E13: =COUNTIF(A:A, "6Б")
D14: 6В | E14: =COUNTIF(A:A, "6В")
D15: 6Г | E15: =COUNTIF(A:A, "6Г")
D16: 6Д | E16: =COUNTIF(A:A, "6Д")
D17: 7А | E17: =COUNTIF(A:A, "7А")
D18: 7Б | E18: =COUNTIF(A:A, "7Б")
D19: 7В | E19: =COUNTIF(A:A, "7В")
D20: 7Г | E20: =COUNTIF(A:A, "7Г")
D21: 8А | E21: =COUNTIF(A:A, "8А")
D22: 8Б | E22: =COUNTIF(A:A, "8Б")
D23: 8В | E23: =COUNTIF(A:A, "8В")
D24: 9А | E24: =COUNTIF(A:A, "9А")
D25: 9Б | E25: =COUNTIF(A:A, "9Б")
D26: 9В | E26: =COUNTIF(A:A, "9В")
D27: 9Г | E27: =COUNTIF(A:A, "9Г")
D28: 10А | E28: =COUNTIF(A:A, "10А")
D29: 10Б | E29: =COUNTIF(A:A, "10Б")
D30: 11А | E30: =COUNTIF(A:A, "11А")
D31: 11Б | E31: =COUNTIF(A:A, "11Б")
D32: Всего: | E32: =SUM(E2:E31)

Sheet ИИ
A1: Класс | B1: Ученик | D1: Класс | E1: Кол-во
A2: 8В | B2: Ланской Владислав Анатольевич | D2: 4А | E2: =COUNTIF(A:A, "4А")
A3: 8В | B3: Ланской Станислав Анатольевич | D3: 4Б | E3: =COUNTIF(A:A, "4Б")
A4: 8В | B4: Михайлова Милана Сергеевна | D4: 4В | E4: =COUNTIF(A:A, "4В")
A5: 8В | B5: Мкртчян Милена Артемовна | D5: 4Г | E5: =COUNTIF(A:A, "4Г")
D6: 4Д | E6: =COUNTIF(A:A, "4Д")
D7: 5А | E7: =COUNTIF(A:A, "5А")
D8: 5Б | E8: =COUNTIF(A:A, "5Б")
D9: 5В | E9: =COUNTIF(A:A, "5В")
D10: 5Г | E10: =COUNTIF(A:A, "5Г")
D11: 5Д | E11: =COUNTIF(A:A, "5Д")
D12: 6А | E12: =COUNTIF(A:A, "6А")
D13: 6Б | E13: =COUNTIF(A:A, "6Б")
D14: 6В | E14: =COUNTIF(A:A, "6В")
D15: 6Г | E15: =COUNTIF(A:A, "6Г")
D16: 6Д | E16: =COUNTIF(A:A, "6Д")
D17: 7А | E17: =COUNTIF(A:A, "7А")
D18: 7Б | E18: =COUNTIF(A:A, "7Б")
D19: 7В | E19: =COUNTIF(A:A, "7В")
D20: 7Г | E20: =COUNTIF(A:A, "7Г")
D21: 8А | E21: =COUNTIF(A:A, "8А")
D22: 8Б | E22: =COUNTIF(A:A, "8Б")
D23: 8В | E23: =COUNTIF(A:A, "8В")
D24: 9А | E24: =COUNTIF(A:A, "9А")
D25: 9Б | E25: =COUNTIF(A:A, "9Б")
D26: 9В | E26: =COUNTIF(A:A, "9В")
D27: 9Г | E27: =COUNTIF(A:A, "9Г")
D28: 10А | E28: =COUNTIF(A:A, "10А")
D29: 10Б | E29: =COUNTIF(A:A, "10Б")
D30: 11А | E30: =COUNTIF(A:A, "11А")
D31: 11Б | E31: =COUNTIF(A:A, "11Б")
D32: Всего: | E32: =SUM(E2:E31)

Sheet Инф.без.
A1: Класс | B1: Ученик | D1: Класс | E1: Кол-во
A2: 8В | B2: Кичигин Юрий Алексеевич | D2: 4А | E2: =COUNTIF(A:A, "4А")
A3: 8В | B3: Колесова Диана Альбертовна | D3: 4Б | E3: =COUNTIF(A:A, "4Б")
A4: 8В | B4: Котова Мирослава Эдуардовна | D4: 4В | E4: =COUNTIF(A:A, "4В")
A5: 8В | B5: Ланской Владислав Анатольевич | D5: 4Г | E5: =COUNTIF(A:A, "4Г")
D6: 4Д | E6: =COUNTIF(A:A, "4Д")
D7: 5А | E7: =COUNTIF(A:A, "5А")
D8: 5Б | E8: =COUNTIF(A:A, "5Б")
D9: 5В | E9: =COUNTIF(A:A, "5В")
D10: 5Г | E10: =COUNTIF(A:A, "5Г")
D11: 5Д | E11: =COUNTIF(A:A, "5Д")
D12: 6А | E12: =COUNTIF(A:A, "6А")
D13: 6Б | E13: =COUNTIF(A:A, "6Б")
D14: 6В | E14: =COUNTIF(A:A, "6В")
D15: 6Г | E15: =COUNTIF(A:A, "6Г")
D16: 6Д | E16: =COUNTIF(A:A, "6Д")
D17: 7А | E17: =COUNTIF(A:A, "7А")
D18: 7Б | E18: =COUNTIF(A:A, "7Б")
D19: 7В | E19: =COUNTIF(A:A, "7В")
D20: 7Г | E20: =COUNTIF(A:A, "7Г")
D21: 8А | E21: =COUNTIF(A:A, "8А")
D22: 8Б | E22: =COUNTIF(A:A, "8Б")
D23: 8В | E23: =COUNTIF(A:A, "8В")
D24: 9А | E24: =COUNTIF(A:A, "9А")
D25: 9Б | E25: =COUNTIF(A:A, "9Б")
D26: 9В | E26: =COUNTIF(A:A, "9В")
D27: 9Г | E27: =COUNTIF(A:A, "9Г")
D28: 10А | E28: =COUNTIF(A:A, "10А")
D29: 10Б | E29: =COUNTIF(A:A, "10Б")
D30: 11А | E30: =COUNTIF(A:A, "11А")
D31: 11Б | E31: =COUNTIF(A:A, "11Б")
D32: Всего: | E32: =SUM(E2:E31)

Sheet Искусство
A1: Класс | B1: Ученик | D1: Класс | E1: Кол-во
A2: 8В | B2: Мкртчян Милена Артемовна | D2: 4А | E2: =COUNTIF(A:A, "4А")
A3: 8В | B3: Молокова Вероника Ильинична | D3: 4Б | E3: =COUNTIF(A:A, "4Б")
A4: 8В | B4: Наумова Александра Павловна | D4: 4В | E4: =COUNTIF(A:A, "4В")
A5: 8В | B5: Непокрытый Михаил Николаевич | D5: 4Г | E5: =COUNTIF(A:A, "4Г")
D6: 4Д | E6: =COUNTIF(A:A, "4Д")
D7: 5А | E7: =COUNTIF(A:A, "5А")
D8: 5Б | E8: =COUNTIF(A:A, "5Б")
D9: 5В | E9: =COUNTIF(A:A, "5В")
D10: 5Г | E10: =COUNTIF(A:A, "5Г")
D11: 5Д | E11: =COUNTIF(A:A, "5Д")
D12: 6А | E12: =COUNTIF(A:A, "6А")
D13: 6Б | E13: =COUNTIF(A:A, "6Б")
D14: 6В | E14: =COUNTIF(A:A, "6В")
D15: 6Г | E15: =COUNTIF(A:A, "6Г")
D16: 6Д | E16: =COUNTIF(A:A, "6Д")
D17: 7А | E17: =COUNTIF(A:A, "7А")
D18: 7Б | E18: =COUNTIF(A:A, "7Б")
D19: 7В | E19: =COUNTIF(A:A, "7В")
D20: 7Г | E20: =COUNTIF(A:A, "7Г")
D21: 8А | E21: =COUNTIF(A:A, "8А")
D22: 8Б | E22: =COUNTIF(A:A, "8Б")
D23: 8В | E23: =COUNTIF(A:A, "8В")
D24: 9А | E24: =COUNTIF(A:A, "9А")
D25: 9Б | E25: =COUNTIF(A:A, "9Б")
D26: 9В | E26: =COUNTIF(A:A, "9В")
D27: 9Г | E27: =COUNTIF(A:A, "9Г")
D28: 10А | E28: =COUNTIF(A:A, "10А")
D29: 10Б | E29: =COUNTIF(A:A, "10Б")
D30: 11А | E30: =COUNTIF(A:A, "11А")
D31: 11Б | E31: =COUNTIF(A:A, "11Б")
D32: Всего: | E32: =SUM(E2:E31)

Sheet Исп.язык
A1: Класс | B1: Ученик | D1: Класс | E1: Кол-во
A2: 5А | B2: Бадалян Анна Андреевна | D2: 4А | E2: =COUNTIF(A:A, "4А")
A3: 5А | B3: Берсенев Кирилл Евгеньевич | D3: 4Б | E3: =COUNTIF(A:A, "4Б")
A4: 5А | B4: Борейчук Мирон Алексеевич | D4: 4В | E4: =COUNTIF(A:A, "4В")
A5: 5А | B5: Бурбах Владимир Алексеевич | D5: 4Г | E5: =COUNTIF(A:A, "4Г")
A6: 5А | B6: Глагольева Анастасия Витальевна | D6: 4Д | E6: =COUNTIF(A:A, "4Д")
A7: 5А | B7: Голев Артем Андреевич | D7: 5А | E7: =COUNTIF(A:A, "5А")
A8: 5А | B8: Гордюк Станислава Юрьевна | D8: 5Б | E8: =COUNTIF(A:A, "5Б")
A9: 5А | B9: Долгих Амина Махмадшоевна | D9: 5В | E9: =COUNTIF(A:A, "5В")
A10: 5А | B10: Донцова Алёна Андреевна | D10: 5Г | E10: =COUNTIF(A:A, "5Г")
A11: 5А | B11: Закирянова Арина Вадимовна | D11: 5Д | E11: =COUNTIF(A:A, "5Д")
A12: 5А | B12: Замятин Михаил Алексеевич | D12: 6А | E12: =COUNTIF(A:A, "6А")
A13: 5А | B13: Кадников Максим Дмитриевич | D13: 6Б | E13: =COUNTIF(A:A, "6Б")
A14: 5А | B14: Королева Ольга Вячеславовна | D14: 6В | E14: =COUNTIF(A:A, "6В")
A15: 5А | B15: Костенко Кирилл Алексеевич | D15: 6Г | E15: =COUNTIF(A:A, "6Г")
A16: 5А | B16: Кульментьев Клим Даниилович | D16: 6Д | E16: =COUNTIF(A:A, "6Д")
A17: 8В | B17: Непокрытый Михаил Николаевич | D17: 7А | E17: =COUNTIF(A:A, "7А")
A18: 8В | B18: Оглоблина Ксения Владимировна | D18: 7Б | E18: =COUNTIF(A:A, "7Б")
A19: 8В | B19: Перминов Кирилл Андреевич | D19: 7В | E19: =COUNTIF(A:A, "7В")
A20: 8В | B20: Попов Сергей Александрович | D20: 7Г | E20: =COUNTIF(A:A, "7Г")
D21: 8А | E21: =COUNTIF(A:A, "8А")
D22: 8Б | E22: =COUNTIF(A:A, "8Б")
D23: 8В | E23: =COUNTIF(A:A, "8В")
D24: 9А | E24: =COUNTIF(A:A, "9А")
D25: 9Б | E25: =COUNTIF(A:A, "9Б")
D26: 9В | E26: =COUNTIF(A:A, "9В")
D27: 9Г | E27: =COUNTIF(A:A, "9Г")
D28: 10А | E28: =COUNTIF(A:A, "10А")
D29: 10Б | E29: =COUNTIF(A:A, "10Б")
D30: 11А | E30: =COUNTIF(A:A, "11А")
D31: 11Б | E31: =COUNTIF(A:A, "11Б")
D32: Всего: | E32: =SUM(E2:E31)

Sheet История
A1: Класс | B1: Ученик | D1: Класс | E1: Кол-во
A2: 8В | B2: Попов Сергей Александрович | D2: 4А | E2: =COUNTIF(A:A, "4А")
A3: 8В | B3: Саитова Полина Тимуровна | D3: 4Б | E3: =COUNTIF(A:A, "4Б")
A4: 8В | B4: Тулина Маргарита Ильинична | D4: 4В | E4: =COUNTIF(A:A, "4В")
A5: 8В | B5: Уваров Степан Александрович | D5: 4Г | E5: =COUNTIF(A:A, "4Г")
D6: 4Д | E6: =COUNTIF(A:A, "4Д")
D7: 5А | E7: =COUNTIF(A:A, "5А")
D8: 5Б | E8: =COUNTIF(A:A, "5Б")
D9: 5В | E9: =COUNTIF(A:A, "5В")
D10: 5Г | E10: =COUNTIF(A:A, "5Г")
D11: 5Д | E11: =COUNTIF(A:A, "5Д")
D12: 6А | E12: =COUNTIF(A:A, "6А")
D13: 6Б | E13: =COUNTIF(A:A, "6Б")
D14: 6В | E14: =COUNTIF(A:A, "6В")
D15: 6Г | E15: =COUNTIF(A:A, "6Г")
D16: 6Д | E16: =COUNTIF(A:A, "6Д")
D17: 7А | E17: =COUNTIF(A:A, "7А")
D18: 7Б | E18: =COUNTIF(A:A, "7Б")
D19: 7В | E19: =COUNTIF(A:A, "7В")
D20: 7Г | E20: =COUNTIF(A:A, "7Г")
D21: 8А | E21: =COUNTIF(A:A, "8А")
D22: 8Б | E22: =COUNTIF(A:A, "8Б")
D23: 8В | E23: =COUNTIF(A:A, "8В")
D24: 9А | E24: =COUNTIF(A:A, "9А")
D25: 9Б | E25: =COUNTIF(A:A, "9Б")
D26: 9В | E26: =COUNTIF(A:A, "9В")
D27: 9Г | E27: =COUNTIF(A:A, "9Г")
D28: 10А | E28: =COUNTIF(A:A, "10А")
D29: 10Б | E29: =COUNTIF(A:A, "10Б")
D30: 11А | E30: =COUNTIF(A:A, "11А")
D31: 11Б | E31: =COUNTIF(A:A, "11Б")
D32: Всего: | E32: =SUM(E2:E31)

Sheet Итал.язык
A1: Класс | B1: Ученик | D1: Класс | E1: Кол-во
A2: 8В | B2: Уваров Степан Александрович | D2: 4А | E2: =COUNTIF(A:A, "4А")
A3: 8В | B3: Шабанов Илья Антонович | D3: 4Б | E3: =COUNTIF(A:A, "4Б")
D4: 4В | E4: =COUNTIF(A:A, "4В")
D5: 4Г | E5: =COUNTIF(A:A, "4Г")
D6: 4Д | E6: =COUNTIF(A:A, "4Д")
D7: 5А | E7: =COUNTIF(A:A, "5А")
D8: 5Б | E8: =COUNTIF(A:A, "5Б")
D9: 5В | E9: =COUNTIF(A:A, "5В")
D10: 5Г | E10: =COUNTIF(A:A, "5Г")
D11: 5Д | E11: =COUNTIF(A:A, "5Д")
D12: 6А | E12: =COUNTIF(A:A, "6А")
D13: 6Б | E13: =COUNTIF(A:A, "6Б")
D14: 6В | E14: =COUNTIF(A:A, "6В")
D15: 6Г | E15: =COUNTIF(A:A, "6Г")
D16: 6Д | E16: =COUNTIF(A:A, "6Д")
D17: 7А | E17: =COUNTIF(A:A, "7А")
D18: 7Б | E18: =COUNTIF(A:A, "7Б")
D19: 7В | E19: =COUNTIF(A:A, "7В")
D20: 7Г | E20: =COUNTIF(A:A, "7Г")
D21: 8А | E21: =COUNTIF(A:A, "8А")
D22: 8Б | E22: =COUNTIF(A:A, "8Б")
D23: 8В | E23: =COUNTIF(A:A, "8В")
D24: 9А | E24: =COUNTIF(A:A, "9А")
D25: 9Б | E25: =COUNTIF(A:A, "9Б")
D26: 9В | E26: =COUNTIF(A:A, "9В")
D27: 9Г | E27: =COUNTIF(A:A, "9Г")
D28: 10А | E28: =COUNTIF(A:A, "10А")
D29: 10Б | E29: =COUNTIF(A:A, "10Б")
D30: 11А | E30: =COUNTIF(A:A, "11А")
D31: 11Б | E31: =COUNTIF(A:A, "11Б")
D32: Всего: | E32: =SUM(E2:E31)

Sheet Право
A1: Класс | B1: Ученик | D1: Класс | E1: Кол-во
A2: 10А | B2: Артемов Тимофей Андреевич | D2: 4А | E2: =COUNTIF(A:A, "4А")
A3: 10А | B3: Костарев Андрей Алексеевич | D3: 4Б | E3: =COUNTIF(A:A, "4Б")
A4: 10А | B4: Мурындина Елена Сергеевна | D4: 4В | E4: =COUNTIF(A:A, "4В")
A5: 10А | B5: Островецкий Иван Александрович | D5: 4Г | E5: =COUNTIF(A:A, "4Г")
A6: 10А | B6: Рыжакова Софья Дмитриевна | D6: 4Д | E6: =COUNTIF(A:A, "4Д")
A7: 10А | B7: Симанович Виктория Александровна | D7: 5А | E7: =COUNTIF(A:A, "5А")
D8: 5Б | E8: =COUNTIF(A:A, "5Б")
D9: 5В | E9: =COUNTIF(A:A, "5В")
D10: 5Г | E10: =COUNTIF(A:A, "5Г")
D11: 5Д | E11: =COUNTIF(A:A, "5Д")
D12: 6А | E12: =COUNTIF(A:A, "6А")
D13: 6Б | E13: =COUNTIF(A:A, "6Б")
D14: 6В | E14: =COUNTIF(A:A, "6В")
D15: 6Г | E15: =COUNTIF(A:A, "6Г")
D16: 6Д | E16: =COUNTIF(A:A, "6Д")
D17: 7А | E17: =COUNTIF(A:A, "7А")
D18: 7Б | E18: =COUNTIF(A:A, "7Б")
D19: 7В | E19: =COUNTIF(A:A, "7В")
D20: 7Г | E20: =COUNTIF(A:A, "7Г")
D21: 8А | E21: =COUNTIF(A:A, "8А")
D22: 8Б | E22: =COUNTIF(A:A, "8Б")
D23: 8В | E23: =COUNTIF(A:A, "8В")
D24: 9А | E24: =COUNTIF(A:A, "9А")
D25: 9Б | E25: =COUNTIF(A:A, "9Б")
D26: 9В | E26: =COUNTIF(A:A, "9В")
D27: 9Г | E27: =COUNTIF(A:A, "9Г")
D28: 10А | E28: =COUNTIF(A:A, "10А")
D29: 10Б | E29: =COUNTIF(A:A, "10Б")
D30: 11А | E30: =COUNTIF(A:A, "11А")
D31: 11Б | E31: =COUNTIF(A:A, "11Б")
D32: Всего: | E32: =SUM(E2:E31)

Sheet Программирование
A1: Класс | B1: Ученик | D1: Класс | E1: Кол-во
A2: 10А | B2: Анисимова София Александровна | D2: 4А | E2: =COUNTIF(A:A, "4А")
A3: 10А | B3: Воробьёв Артём Константинович | D3: 4Б | E3: =COUNTIF(A:A, "4Б")
A4: 10А | B4: Иванова Арина Сергеевна | D4: 4В | E4: =COUNTIF(A:A, "4В")
A5: 10А | B5: Кривошапка Евгений Алексеевич | D5: 4Г | E5: =COUNTIF(A:A, "4Г")
A6: 10А | B6: Моськин Павел Сергеевич | D6: 4Д | E6: =COUNTIF(A:A, "4Д")
A7: 10А | B7: Немкова Анастасия Денисовна | D7: 5А | E7: =COUNTIF(A:A, "5А")
A8: 10А | B8: Ожиганов Владислав Владимирович | D8: 5Б | E8: =COUNTIF(A:A, "5Б")
A9: 10А | B9: Рабчевский Владимир Дмитриевич | D9: 5В | E9: =COUNTIF(A:A, "5В")
A10: 10А | B10: Ручьев Яков Максимович | D10: 5Г | E10: =COUNTIF(A:A, "5Г")
A11: 10А | B11: РЫЖКОВА ПОЛИНА ИЛЬИНИЧНА | D11: 5Д | E11: =COUNTIF(A:A, "5Д")
A12: 10А | B12: Серина Дарья Сергеевна | D12: 6А | E12: =COUNTIF(A:A, "6А")
A13: 10А | B13: Смирнова Вероника Антоновна | D13: 6Б | E13: =COUNTIF(A:A, "6Б")
D14: 6В | E14: =COUNTIF(A:A, "6В")
D15: 6Г | E15: =COUNTIF(A:A, "6Г")
D16: 6Д | E16: =COUNTIF(A:A, "6Д")
D17: 7А | E17: =COUNTIF(A:A, "7А")
D18: 7Б | E18: =COUNTIF(A:A, "7Б")
D19: 7В | E19: =COUNTIF(A:A, "7В")
D20: 7Г | E20: =COUNTIF(A:A, "7Г")
D21: 8А | E21: =COUNTIF(A:A, "8А")
D22: 8Б | E22: =COUNTIF(A:A, "8Б")
D23: 8В | E23: =COUNTIF(A:A, "8В")
D24: 9А | E24: =COUNTIF(A:A, "9А")
D25: 9Б | E25: =COUNTIF(A:A, "9Б")
D26: 9В | E26: =COUNTIF(A:A, "9В")
D27: 9Г | E27: =COUNTIF(A:A, "9Г")
D28: 10А | E28: =COUNTIF(A:A, "10А")
D29: 10Б | E29: =COUNTIF(A:A, "10Б")
D30: 11А | E30: =COUNTIF(A:A, "11А")
D31: 11Б | E31: =COUNTIF(A:A, "11Б")
D32: Всего: | E32: =SUM(E2:E31)

Sheet Робототехника
A1: Класс | B1: Ученик | D1: Класс | E1: Кол-во
A2: 10А | B2: Аброськина Риана Александровна | D2: 4А | E2: =COUNTIF(A:A, "4А")
A3: 10А | B3: Головченко Константин Сергеевич | D3: 4Б | E3: =COUNTIF(A:A, "4Б")
A4: 10А | B4: Кузнецова Анастасия Михайловна | D4: 4В | E4: =COUNTIF(A:A, "4В")
A5: 10А | B5: Николаев Владислав Денисович | D5: 4Г | E5: =COUNTIF(A:A, "4Г")
A6: 10А | B6: Рупасов Михаил Иванович | D6: 4Д | E6: =COUNTIF(A:A, "4Д")
A7: 10А | B7: Садов Никита Александрович | D7: 5А | E7: =COUNTIF(A:A, "5А")
A8: 10А | B8: Филатова Анжелика Дмитриевна | D8: 5Б | E8: =COUNTIF(A:A, "5Б")
D9: 5В | E9: =COUNTIF(A:A, "5В")
D10: 5Г | E10: =COUNTIF(A:A, "5Г")
D11: 5Д | E11: =COUNTIF(A:A, "5Д")
D12: 6А | E12: =COUNTIF(A:A, "6А")
D13: 6Б | E13: =COUNTIF(A:A, "6Б")
D14: 6В | E14: =COUNTIF(A:A, "6В")
D15: 6Г | E15: =COUNTIF(A:A, "6Г")
D16: 6Д | E16: =COUNTIF(A:A, "6Д")
D17: 7А | E17: =COUNTIF(A:A, "7А")
D18: 7Б | E18: =COUNTIF(A:A, "7Б")
D19: 7В | E19: =COUNTIF(A:A, "7В")
D20: 7Г | E20: =COUNTIF(A:A, "7Г")
D21: 8А | E21: =COUNTIF(A:A, "8А")
D22: 8Б | E22: =COUNTIF(A:A, "8Б")
D23: 8В | E23: =COUNTIF(A:A, "8В")
D24: 9А | E24: =COUNTIF(A:A, "9А")
D25: 9Б | E25: =COUNTIF(A:A, "9Б")
D26: 9В | E26: =COUNTIF(A:A, "9В")
D27: 9Г | E27: =COUNTIF(A:A, "9Г")
D28: 10А | E28: =COUNTIF(A:A, "10А")
D29: 10Б | E29: =COUNTIF(A:A, "10Б")
D30: 11А | E30: =COUNTIF(A:A, "11А")
D31: 11Б | E31: =COUNTIF(A:A, "11Б")
D32: Всего: | E32: =SUM(E2:E31)

Sheet Статистика
A1: Класс | B1: Англ. язык | C1: Астрономия | D1: Биология | E1: География | F1: ИИ | G1: Инф.без. | H1: Искусство | I1: Исп.язык | J1: История | K1: Итал.язык | L1: Право | M1: Программирование | N1: Робототехника
A2: 4А | B2: ='Англ. язык'!E2 | C2: ='Астрономия'!E2 | D2: ='Биология'!E2 | E2: ='География'!E2 | F2: ='ИИ'!E2 | G2: ='Инф.без.'!E2 | H2: ='Искусство'!E2 | I2: ='Исп.язык'!E2 | J2: ='История'!E2 | K2: ='Итал.язык'!E2 | L2: ='Право'!E2 | M2: ='Программирование'!E2 | N2: ='Робототехника'!E2
A3: 4Б | B3: ='Англ. язык'!E3 | C3: ='Астрономия'!E3 | D3: ='Биология'!E3 | E3: ='География'!E3 | F3: ='ИИ'!E3 | G3: ='Инф.без.'!E3 | H3: ='Искусство'!E3 | I3: ='Исп.язык'!E3 | J3: ='История'!E3 | K3: ='Итал.язык'!E3 | L3: ='Право'!E3 | M3: ='Программирование'!E3 | N3: ='Робототехника'!E3
A4: 4В | B4: ='Англ. язык'!E4 | C4: ='Астрономия'!E4 | D4: ='Биология'!E4 | E4: ='География'!E4 | F4: ='ИИ'!E4 | G4: ='Инф.без.'!E4 | H4: ='Искусство'!E4 | I4: ='Исп.язык'!E4 | J4: ='История'!E4 | K4: ='Итал.язык'!E4 | L4: ='Право'!E4 | M4: ='Программирование'!E4 | N4: ='Робототехника'!E4
A5: 4Г | B5: ='Англ. язык'!E5 | C5: ='Астрономия'!E5 | D5: ='Биология'!E5 | E5: ='География'!E5 | F5: ='ИИ'!E5 | G5: ='Инф.без.'!E5 | H5: ='Искусство'!E5 | I5: ='Исп.язык'!E5 | J5: ='История'!E5 | K5: ='Итал.язык'!E5 | L5: ='Право'!E5 | M5: ='Программирование'!E5 | N5: ='Робототехника'!E5
A6: 4Д | B6: ='Англ. язык'!E6 | C6: ='Астрономия'!E6 | D6: ='Биология'!E6 | E6: ='География'!E6 | F6: ='ИИ'!E6 | G6: ='Инф.без.'!E6 | H6: ='Искусство'!E6 | I6: ='Исп.язык'!E6 | J6: ='История'!E6 | K6: ='Итал.язык'!E6 | L6: ='Право'!E6 | M6: ='Программирование'!E6 | N6: ='Робототехника'!E6
A7: 5А | B7: ='Англ. язык'!E7 | C7: ='Астрономия'!E7 | D7: ='Биология'!E7 | E7: ='География'!E7 | F7: ='ИИ'!E7 | G7: ='Инф.без.'!E7 | H7: ='Искусство'!E7 | I7: ='Исп.язык'!E7 | J7: ='История'!E7 | K7: ='Итал.язык'!E7 | L7: ='Право'!E7 | M7: ='Программирование'!E7 | N7: ='Робототехника'!E7
A8: 5Б | B8: ='Англ. язык'!E8 | C8: ='Астрономия'!E8 | D8: ='Биология'!E8 | E8: ='География'!E8 | F8: ='ИИ'!E8 | G8: ='Инф.без.'!E8 | H8: ='Искусство'!E8 | I8: ='Исп.язык'!E8 | J8: ='История'!E8 | K8: ='Итал.язык'!E8 | L8: ='Право'!E8 | M8: ='Программирование'!E8 | N8: ='Робототехника'!E8
A9: 5В | B9: ='Англ. язык'!E9 | C9: ='Астрономия'!E9 | D9: ='Биология'!E9 | E9: ='География'!E9 | F9: ='ИИ'!E9 | G9: ='Инф.без.'!E9 | H9: ='Искусство'!E9 | I9: ='Исп.язык'!E9 | J9: ='История'!E9 | K9: ='Итал.язык'!E9 | L9: ='Право'!E9 | M9: ='Программирование'!E9 | N9: ='Робототехника'!E9
A10: 5Г | B10: ='Англ. язык'!E10 | C10: ='Астрономия'!E10 | D10: ='Биология'!E10 | E10: ='География'!E10 | F10: ='ИИ'!E10 | G10: ='Инф.без.'!E10 | H10: ='Искусство'!E10 | I10: ='Исп.язык'!E10 | J10: ='История'!E10 | K10: ='Итал.язык'!E10 | L10: ='Право'!E10 | M10: ='Программирование'!E10 | N10: ='Робототехника'!E10
A11: 5Д | B11: ='Англ. язык'!E11 | C11: ='Астрономия'!E11 | D11: ='Биология'!E11 | E11: ='География'!E11 | F11: ='ИИ'!E11 | G11: ='Инф.без.'!E11 | H11: ='Искусство'!E11 | I11: ='Исп.язык'!E11 | J11: ='История'!E11 | K11: ='Итал.язык'!E11 | L11: ='Право'!E11 | M11: ='Программирование'!E11 | N11: ='Робототехника'!E11
A12: 6А | B12: ='Англ. язык'!E12 | C12: ='Астрономия'!E12 | D12: ='Биология'!E12 | E12: ='География'!E12 | F12: ='ИИ'!E12 | G12: ='Инф.без.'!E12 | H12: ='Искусство'!E12 | I12: ='Исп.язык'!E12 | J12: ='История'!E12 | K12: ='Итал.язык'!E12 | L12: ='Право'!E12 | M12: ='Программирование'!E12 | N12: ='Робототехника'!E12
A13: 6Б | B13: ='Англ. язык'!E13 | C13: ='Астрономия'!E13 | D13: ='Биология'!E13 | E13: ='География'!E13 | F13: ='ИИ'!E13 | G13: ='Инф.без.'!E13 | H13: ='Искусство'!E13 | I13: ='Исп.язык'!E13 | J13: ='История'!E13 | K13: ='Итал.язык'!E13 | L13: ='Право'!E13 | M13: ='Программирование'!E13 | N13: ='Робототехника'!E13
... A31: 11Б | B31: ='Англ. язык'!E31 | C31: ='Астрономия'!E31 | D31: ='Биология'!E31 | E31: ='География'!E31 | F31: ='ИИ'!E31 | G31: ='Инф.без.'!E31 | H31: ='Искусство'!E31 | I31: ='Исп.язык'!E31 | J31: ='История'!E31 | K31: ='Итал.язык'!E31 | L31: ='Право'!E31 | M31: ='Программирование'!E31 | N31: ='Робототехника'!E31
A32: Всего: | B32: =SUM(B1:B31) | C32: =SUM(C1:C31) | D32: =SUM(D1:D31) | E32: =SUM(E1:E31) | F32: =SUM(F1:F31) | G32: =SUM(G1:G31) | H32: =SUM(H1:H31) | I32: =SUM(I1:I31) | ... N32: =SUM(N1:N31)
A33: % участия: | B33: =SUM(B1:B31)/864 | C33: =SUM(C1:C31)/864 | D33: =SUM(D1:D31)/864 | E33: =SUM(E1:E31)/864 | F33: =SUM(F1:F31)/864 | G33: =SUM(G1:G31)/864 | H33: =SUM(H1:H31)/864 | I33: =SUM(I1:I31)/864 | ... N33: =SUM(N1:N31)/864
