Workbook

Sheet Англ. язык
A1: Класс | B1: Ученик | D1: Класс | E1: Кол-во
A2: 10 А | B2: Аброськина Риана Александровна | D2: 4 А | E2: =COUNTIF(A:A, "4 А") -> 0
A3: 10 А | B3: Рупасов Михаил Иванович | D3: 4 Б | E3: =COUNTIF(A:A, "4 Б") -> 0
D4: 4 В | E4: =COUNTIF(A:A, "4 В") -> 0
D5: 4 Г | E5: =COUNTIF(A:A, "4 Г") -> 0
D6: 4 Д | E6: =COUNTIF(A:A, "4 Д") -> 0
D7: 5 А | E7: =COUNTIF(A:A, "5 А") -> 0
D8: 5 Б | E8: =COUNTIF(A:A, "5 Б") -> 0
D9: 5 В | E9: =COUNTIF(A:A, "5 В") -> 0
D10: 5 Г | E10: =COUNTIF(A:A, "5 Г") -> 0
D11: 5 Д | E11: =COUNTIF(A:A, "5 Д") -> 0
D12: 6 А | E12: =COUNTIF(A:A, "6 А") -> 0
D13: 6 Б | E13: =COUNTIF(A:A, "6 Б") -> 0
D14: 6 В | E14: =COUNTIF(A:A, "6 В") -> 0
D15: 6 Г | E15: =COUNTIF(A:A, "6 Г") -> 0
D16: 6 Д | E16: =COUNTIF(A:A, "6 Д") -> 0
D17: 7 А | E17: =COUNTIF(A:A, "7 А") -> 0
D18: 7 Б | E18: =COUNTIF(A:A, "7 Б") -> 0
D19: 7 В | E19: =COUNTIF(A:A, "7 В") -> 0
D20: 7 Г | E20: =COUNTIF(A:A, "7 Г") -> 0
D21: 8 А | E21: =COUNTIF(A:A, "8 А") -> 0
D22: 8 Б | E22: =COUNTIF(A:A, "8 Б") -> 0
D23: 8 В | E23: =COUNTIF(A:A, "8 В") -> 0
D24: 9 А | E24: =COUNTIF(A:A, "9 А") -> 0
D25: 9 Б | E25: =COUNTIF(A:A, "9 Б") -> 0
D26: 9 В | E26: =COUNTIF(A:A, "9 В") -> 0
D27: 9 Г | E27: =COUNTIF(A:A, "9 Г") -> 0
D28: 10 А | E28: =COUNTIF(A:A, "10 А") -> 2
D29: 10 Б | E29: =COUNTIF(A:A, "10 Б") -> 0
D30: 11 А | E30: =COUNTIF(A:A, "11 А") -> 0
D31: 11 Б | E31: =COUNTIF(A:A, "11 Б") -> 0
D32: Всего: | E32: =SUM(E2:E31) -> 2

Sheet Астрономия
A1: Класс | B1: Ученик | D1: Класс | E1: Кол-во
A2: 10 А | B2: Анисимова София Александровна | D2: 4 А | E2: =COUNTIF(A:A, "4 А") -> 0
A3: 10 А | B3: Рабчевский Владимир Дмитриевич | D3: 4 Б | E3: =COUNTIF(A:A, "4 Б") -> 0
A4: 10 А | B4: Ручьев Яков Максимович | D4: 4 В | E4: =COUNTIF(A:A, "4 В") -> 0
D5: 4 Г | E5: =COUNTIF(A:A, "4 Г") -> 0
D6: 4 Д | E6: =COUNTIF(A:A, "4 Д") -> 0
D7: 5 А | E7: =COUNTIF(A:A, "5 А") -> 0
D8: 5 Б | E8: =COUNTIF(A:A, "5 Б") -> 0
D9: 5 В | E9: =COUNTIF(A:A, "5 В") -> 0
D10: 5 Г | E10: =COUNTIF(A:A, "5 Г") -> 0
D11: 5 Д | E11: =COUNTIF(A:A, "5 Д") -> 0
D12: 6 А | E12: =COUNTIF(A:A, "6 А") -> 0
D13: 6 Б | E13: =COUNTIF(A:A, "6 Б") -> 0
D14: 6 В | E14: =COUNTIF(A:A, "6 В") -> 0
D15: 6 Г | E15: =COUNTIF(A:A, "6 Г") -> 0
D16: 6 Д | E16: =COUNTIF(A:A, "6 Д") -> 0
D17: 7 А | E17: =COUNTIF(A:A, "7 А") -> 0
D18: 7 Б | E18: =COUNTIF(A:A, "7 Б") -> 0
D19: 7 В | E19: =COUNTIF(A:A, "7 В") -> 0
D20: 7 Г | E20: =COUNTIF(A:A, "7 Г") -> 0
D21: 8 А | E21: =COUNTIF(A:A, "8 А") -> 0
D22: 8 Б | E22: =COUNTIF(A:A, "8 Б") -> 0
D23: 8 В | E23: =COUNTIF(A:A, "8 В") -> 0
D24: 9 А | E24: =COUNTIF(A:A, "9 А") -> 0
D25: 9 Б | E25: =COUNTIF(A:A, "9 Б") -> 0
D26: 9 В | E26: =COUNTIF(A:A, "9 В") -> 0
D27: 9 Г | E27: =COUNTIF(A:A, "9 Г") -> 0
D28: 10 А | E28: =COUNTIF(A:A, "10 А") -> 3
D29: 10 Б | E29: =COUNTIF(A:A, "10 Б") -> 0
D30: 11 А | E30: =COUNTIF(A:A, "11 А") -> 0
D31: 11 Б | E31: =COUNTIF(A:A, "11 Б") -> 0
D32: Всего: | E32: =SUM(E2:E31) -> 3

Sheet Биология
A1: Класс | B1: Ученик | D1: Класс | E1: Кол-во
A2: 10 А | B2: Артемов Тимофей Андреевич | D2: 4 А | E2: =COUNTIF(A:A, "4 А") -> 0
A3: 10 А | B3: Рабчевский Владимир Дмитриевич | D3: 4 Б | E3: =COUNTIF(A:A, "4 Б") -> 0
A4: 10 А | B4: Ручьев Яков Максимович | D4: 4 В | E4: =COUNTIF(A:A, "4 В") -> 0
D5: 4 Г | E5: =COUNTIF(A:A, "4 Г") -> 0
D6: 4 Д | E6: =COUNTIF(A:A, "4 Д") -> 0
D7: 5 А | E7: =COUNTIF(A:A, "5 А") -> 0
D8: 5 Б | E8: =COUNTIF(A:A, "5 Б") -> 0
D9: 5 В | E9: =COUNTIF(A:A, "5 В") -> 0
D10: 5 Г | E10: =COUNTIF(A:A, "5 Г") -> 0
D11: 5 Д | E11: =COUNTIF(A:A, "5 Д") -> 0
D12: 6 А | E12: =COUNTIF(A:A, "6 А") -> 0
D13: 6 Б | E13: =COUNTIF(A:A, "6 Б") -> 0
D14: 6 В | E14: =COUNTIF(A:A, "6 В") -> 0
D15: 6 Г | E15: =COUNTIF(A:A, "6 Г") -> 0
D16: 6 Д | E16: =COUNTIF(A:A, "6 Д") -> 0
D17: 7 А | E17: =COUNTIF(A:A, "7 А") -> 0
D18: 7 Б | E18: =COUNTIF(A:A, "7 Б") -> 0
D19: 7 В | E19: =COUNTIF(A:A, "7 В") -> 0
D20: 7 Г | E20: =COUNTIF(A:A, "7 Г") -> 0
D21: 8 А | E21: =COUNTIF(A:A, "8 А") -> 0
D22: 8 Б | E22: =COUNTIF(A:A, "8 Б") -> 0
D23: 8 В | E23: =COUNTIF(A:A, "8 В") -> 0
D24: 9 А | E24: =COUNTIF(A:A, "9 А") -> 0
D25: 9 Б | E25: =COUNTIF(A:A, "9 Б") -> 0
D26: 9 В | E26: =COUNTIF(A:A, "9 В") -> 0
D27: 9 Г | E27: =COUNTIF(A:A, "9 Г") -> 0
D28: 10 А | E28: =COUNTIF(A:A, "10 А") -> 3
D29: 10 Б | E29: =COUNTIF(A:A, "10 Б") -> 0
D30: 11 А | E30: =COUNTIF(A:A, "11 А") -> 0
D31: 11 Б | E31: =COUNTIF(A:A, "11 Б") -> 0
D32: Всего: | E32: =SUM(E2:E31) -> 3

Sheet География
A1: Класс | B1: Ученик | D1: Класс | E1: Кол-во
A2: 10 А | B2: Анисимова София Александровна | D2: 4 А | E2: =COUNTIF(A:A, "4 А") -> 0
A3: 10 А | B3: Рабчевский Владимир Дмитриевич | D3: 4 Б | E3: =COUNTIF(A:A, "4 Б") -> 0
A4: 10 А | B4: Ручьев Яков Максимович | D4: 4 В | E4: =COUNTIF(A:A, "4 В") -> 0
D5: 4 Г | E5: =COUNTIF(A:A, "4 Г") -> 0
D6: 4 Д | E6: =COUNTIF(A:A, "4 Д") -> 0
D7: 5 А | E7: =COUNTIF(A:A, "5 А") -> 0
D8: 5 Б | E8: =COUNTIF(A:A, "5 Б") -> 0
D9: 5 В | E9: =COUNTIF(A:A, "5 В") -> 0
D10: 5 Г | E10: =COUNTIF(A:A, "5 Г") -> 0
D11: 5 Д | E11: =COUNTIF(A:A, "5 Д") -> 0
D12: 6 А | E12: =COUNTIF(A:A, "6 А") -> 0
D13: 6 Б | E13: =COUNTIF(A:A, "6 Б") -> 0
D14: 6 В | E14: =COUNTIF(A:A, "6 В") -> 0
D15: 6 Г | E15: =COUNTIF(A:A, "6 Г") -> 0
D16: 6 Д | E16: =COUNTIF(A:A, "6 Д") -> 0
D17: 7 А | E17: =COUNTIF(A:A, "7 А") -> 0
D18: 7 Б | E18: =COUNTIF(A:A, "7 Б") -> 0
D19: 7 В | E19: =COUNTIF(A:A, "7 В") -> 0
D20: 7 Г | E20: =COUNTIF(A:A, "7 Г") -> 0
D21: 8 А | E21: =COUNTIF(A:A, "8 А") -> 0
D22: 8 Б | E22: =COUNTIF(A:A, "8 Б") -> 0
D23: 8 В | E23: =COUNTIF(A:A, "8 В") -> 0
D24: 9 А | E24: =COUNTIF(A:A, "9 А") -> 0
D25: 9 Б | E25: =COUNTIF(A:A, "9 Б") -> 0
D26: 9 В | E26: =COUNTIF(A:A, "9 В") -> 0
D27: 9 Г | E27: =COUNTIF(A:A, "9 Г") -> 0
D28: 10 А | E28: =COUNTIF(A:A, "10 А") -> 3
D29: 10 Б | E29: =COUNTIF(A:A, "10 Б") -> 0
D30: 11 А | E30: =COUNTIF(A:A, "11 А") -> 0
D31: 11 Б | E31: =COUNTIF(A:A, "11 Б") -> 0
D32: Всего: | E32: =SUM(E2:E31) -> 3

Sheet ИИ
A1: Класс | B1: Ученик | D1: Класс | E1: Кол-во
A2: 10 А | B2: Анисимова София Александровна | D2: 4 А | E2: =COUNTIF(A:A, "4 А") -> 0
A3: 10 А | B3: Рабчевский Владимир Дмитриевич | D3: 4 Б | E3: =COUNTIF(A:A, "4 Б") -> 0
A4: 10 А | B4: РЫЖКОВА ПОЛИНА ИЛЬИНИЧНА | D4: 4 В | E4: =COUNTIF(A:A, "4 В") -> 0
D5: 4 Г | E5: =COUNTIF(A:A, "4 Г") -> 0
D6: 4 Д | E6: =COUNTIF(A:A, "4 Д") -> 0
D7: 5 А | E7: =COUNTIF(A:A, "5 А") -> 0
D8: 5 Б | E8: =COUNTIF(A:A, "5 Б") -> 0
D9: 5 В | E9: =COUNTIF(A:A, "5 В") -> 0
D10: 5 Г | E10: =COUNTIF(A:A, "5 Г") -> 0
D11: 5 Д | E11: =COUNTIF(A:A, "5 Д") -> 0
D12: 6 А | E12: =COUNTIF(A:A, "6 А") -> 0
D13: 6 Б | E13: =COUNTIF(A:A, "6 Б") -> 0
D14: 6 В | E14: =COUNTIF(A:A, "6 В") -> 0
D15: 6 Г | E15: =COUNTIF(A:A, "6 Г") -> 0
D16: 6 Д | E16: =COUNTIF(A:A, "6 Д") -> 0
D17: 7 А | E17: =COUNTIF(A:A, "7 А") -> 0
D18: 7 Б | E18: =COUNTIF(A:A, "7 Б") -> 0
D19: 7 В | E19: =COUNTIF(A:A, "7 В") -> 0
D20: 7 Г | E20: =COUNTIF(A:A, "7 Г") -> 0
D21: 8 А | E21: =COUNTIF(A:A, "8 А") -> 0
D22: 8 Б | E22: =COUNTIF(A:A, "8 Б") -> 0
D23: 8 В | E23: =COUNTIF(A:A, "8 В") -> 0
D24: 9 А | E24: =COUNTIF(A:A, "9 А") -> 0
D25: 9 Б | E25: =COUNTIF(A:A, "9 Б") -> 0
D26: 9 В | E26: =COUNTIF(A:A, "9 В") -> 0
D27: 9 Г | E27: =COUNTIF(A:A, "9 Г") -> 0
D28: 10 А | E28: =COUNTIF(A:A, "10 А") -> 3
D29: 10 Б | E29: =COUNTIF(A:A, "10 Б") -> 0
D30: 11 А | E30: =COUNTIF(A:A, "11 А") -> 0
D31: 11 Б | E31: =COUNTIF(A:A, "11 Б") -> 0
D32: Всего: | E32: =SUM(E2:E31) -> 3

Sheet Инф.без.
A1: Класс | B1: Ученик | D1: Класс | E1: Кол-во
A2: 10 А | B2: Аброськина Риана Александровна | D2: 4 А | E2: =COUNTIF(A:A, "4 А") -> 0
A3: 10 А | B3: Рабчевский Владимир Дмитриевич | D3: 4 Б | E3: =COUNTIF(A:A, "4 Б") -> 0
A4: 10 А | B4: Рыжакова Софья Дмитриевна | D4: 4 В | E4: =COUNTIF(A:A, "4 В") -> 0
D5: 4 Г | E5: =COUNTIF(A:A, "4 Г") -> 0
D6: 4 Д | E6: =COUNTIF(A:A, "4 Д") -> 0
D7: 5 А | E7: =COUNTIF(A:A, "5 А") -> 0
D8: 5 Б | E8: =COUNTIF(A:A, "5 Б") -> 0
D9: 5 В | E9: =COUNTIF(A:A, "5 В") -> 0
D10: 5 Г | E10: =COUNTIF(A:A, "5 Г") -> 0
D11: 5 Д | E11: =COUNTIF(A:A, "5 Д") -> 0
D12: 6 А | E12: =COUNTIF(A:A, "6 А") -> 0
D13: 6 Б | E13: =COUNTIF(A:A, "6 Б") -> 0
D14: 6 В | E14: =COUNTIF(A:A, "6 В") -> 0
D15: 6 Г | E15: =COUNTIF(A:A, "6 Г") -> 0
D16: 6 Д | E16: =COUNTIF(A:A, "6 Д") -> 0
D17: 7 А | E17: =COUNTIF(A:A, "7 А") -> 0
D18: 7 Б | E18: =COUNTIF(A:A, "7 Б") -> 0
D19: 7 В | E19: =COUNTIF(A:A, "7 В") -> 0
D20: 7 Г | E20: =COUNTIF(A:A, "7 Г") -> 0
D21: 8 А | E21: =COUNTIF(A:A, "8 А") -> 0
D22: 8 Б | E22: =COUNTIF(A:A, "8 Б") -> 0
D23: 8 В | E23: =COUNTIF(A:A, "8 В") -> 0
D24: 9 А | E24: =COUNTIF(A:A, "9 А") -> 0
D25: 9 Б | E25: =COUNTIF(A:A, "9 Б") -> 0
D26: 9 В | E26: =COUNTIF(A:A, "9 В") -> 0
D27: 9 Г | E27: =COUNTIF(A:A, "9 Г") -> 0
D28: 10 А | E28: =COUNTIF(A:A, "10 А") -> 3
D29: 10 Б | E29: =COUNTIF(A:A, "10 Б") -> 0
D30: 11 А | E30: =COUNTIF(A:A, "11 А") -> 0
D31: 11 Б | E31: =COUNTIF(A:A, "11 Б") -> 0
D32: Всего: | E32: =SUM(E2:E31) -> 3

Sheet Искусство
A1: Класс | B1: Ученик | D1: Класс | E1: Кол-во
A2: 10 А | B2: Артемов Тимофей Андреевич | D2: 4 А | E2: =COUNTIF(A:A, "4 А") -> 0
A3: 10 А | B3: Рабчевский Владимир Дмитриевич | D3: 4 Б | E3: =COUNTIF(A:A, "4 Б") -> 0
A4: 10 А | B4: РЫЖКОВА ПОЛИНА ИЛЬИНИЧНА | D4: 4 В | E4: =COUNTIF(A:A, "4 В") -> 0
D5: 4 Г | E5: =COUNTIF(A:A, "4 Г") -> 0
D6: 4 Д | E6: =COUNTIF(A:A, "4 Д") -> 0
D7: 5 А | E7: =COUNTIF(A:A, "5 А") -> 0
D8: 5 Б | E8: =COUNTIF(A:A, "5 Б") -> 0
D9: 5 В | E9: =COUNTIF(A:A, "5 В") -> 0
D10: 5 Г | E10: =COUNTIF(A:A, "5 Г") -> 0
D11: 5 Д | E11: =COUNTIF(A:A, "5 Д") -> 0
D12: 6 А | E12: =COUNTIF(A:A, "6 А") -> 0
D13: 6 Б | E13: =COUNTIF(A:A, "6 Б") -> 0
D14: 6 В | E14: =COUNTIF(A:A, "6 В") -> 0
D15: 6 Г | E15: =COUNTIF(A:A, "6 Г") -> 0
D16: 6 Д | E16: =COUNTIF(A:A, "6 Д") -> 0
D17: 7 А | E17: =COUNTIF(A:A, "7 А") -> 0
D18: 7 Б | E18: =COUNTIF(A:A, "7 Б") -> 0
D19: 7 В | E19: =COUNTIF(A:A, "7 В") -> 0
D20: 7 Г | E20: =COUNTIF(A:A, "7 Г") -> 0
D21: 8 А | E21: =COUNTIF(A:A, "8 А") -> 0
D22: 8 Б | E22: =COUNTIF(A:A, "8 Б") -> 0
D23: 8 В | E23: =COUNTIF(A:A, "8 В") -> 0
D24: 9 А | E24: =COUNTIF(A:A, "9 А") -> 0
D25: 9 Б | E25: =COUNTIF(A:A, "9 Б") -> 0
D26: 9 В | E26: =COUNTIF(A:A, "9 В") -> 0
D27: 9 Г | E27: =COUNTIF(A:A, "9 Г") -> 0
D28: 10 А | E28: =COUNTIF(A:A, "10 А") -> 3
D29: 10 Б | E29: =COUNTIF(A:A, "10 Б") -> 0
D30: 11 А | E30: =COUNTIF(A:A, "11 А") -> 0
D31: 11 Б | E31: =COUNTIF(A:A, "11 Б") -> 0
D32: Всего: | E32: =SUM(E2:E31) -> 3

Sheet Исп.язык
A1: Класс | B1: Ученик | D1: Класс | E1: Кол-во
A2: 10 А | B2: Воробьёв Артём Константинович | D2: 4 А | E2: =COUNTIF(A:A, "4 А") -> 0
A3: 10 А | B3: Островецкий Иван Александрович | D3: 4 Б | E3: =COUNTIF(A:A, "4 Б") -> 0
A4: 10 А | B4: РЫЖКОВА ПОЛИНА ИЛЬИНИЧНА | D4: 4 В | E4: =COUNTIF(A:A, "4 В") -> 0
D5: 4 Г | E5: =COUNTIF(A:A, "4 Г") -> 0
D6: 4 Д | E6: =COUNTIF(A:A, "4 Д") -> 0
D7: 5 А | E7: =COUNTIF(A:A, "5 А") -> 0
D8: 5 Б | E8: =COUNTIF(A:A, "5 Б") -> 0
D9: 5 В | E9: =COUNTIF(A:A, "5 В") -> 0
D10: 5 Г | E10: =COUNTIF(A:A, "5 Г") -> 0
D11: 5 Д | E11: =COUNTIF(A:A, "5 Д") -> 0
D12: 6 А | E12: =COUNTIF(A:A, "6 А") -> 0
D13: 6 Б | E13: =COUNTIF(A:A, "6 Б") -> 0
D14: 6 В | E14: =COUNTIF(A:A, "6 В") -> 0
D15: 6 Г | E15: =COUNTIF(A:A, "6 Г") -> 0
D16: 6 Д | E16: =COUNTIF(A:A, "6 Д") -> 0
D17: 7 А | E17: =COUNTIF(A:A, "7 А") -> 0
D18: 7 Б | E18: =COUNTIF(A:A, "7 Б") -> 0
D19: 7 В | E19: =COUNTIF(A:A, "7 В") -> 0
D20: 7 Г | E20: =COUNTIF(A:A, "7 Г") -> 0
D21: 8 А | E21: =COUNTIF(A:A, "8 А") -> 0
D22: 8 Б | E22: =COUNTIF(A:A, "8 Б") -> 0
D23: 8 В | E23: =COUNTIF(A:A, "8 В") -> 0
D24: 9 А | E24: =COUNTIF(A:A, "9 А") -> 0
D25: 9 Б | E25: =COUNTIF(A:A, "9 Б") -> 0
D26: 9 В | E26: =COUNTIF(A:A, "9 В") -> 0
D27: 9 Г | E27: =COUNTIF(A:A, "9 Г") -> 0
D28: 10 А | E28: =COUNTIF(A:A, "10 А") -> 3
D29: 10 Б | E29: =COUNTIF(A:A, "10 Б") -> 0
D30: 11 А | E30: =COUNTIF(A:A, "11 А") -> 0
D31: 11 Б | E31: =COUNTIF(A:A, "11 Б") -> 0
D32: Всего: | E32: =SUM(E2:E31) -> 3

Sheet История
A1: Класс | B1: Ученик | D1: Класс | E1: Кол-во
A2: 10 А | B2: Головченко Константин Сергеевич | D2: 4 А | E2: =COUNTIF(A:A, "4 А") -> 0
A3: 10 А | B3: Островецкий Иван Александрович | D3: 4 Б | E3: =COUNTIF(A:A, "4 Б") -> 0
A4: 10 А | B4: Садов Никита Александрович | D4: 4 В | E4: =COUNTIF(A:A, "4 В") -> 0
D5: 4 Г | E5: =COUNTIF(A:A, "4 Г") -> 0
D6: 4 Д | E6: =COUNTIF(A:A, "4 Д") -> 0
D7: 5 А | E7: =COUNTIF(A:A, "5 А") -> 0
D8: 5 Б | E8: =COUNTIF(A:A, "5 Б") -> 0
D9: 5 В | E9: =COUNTIF(A:A, "5 В") -> 0
D10: 5 Г | E10: =COUNTIF(A:A, "5 Г") -> 0
D11: 5 Д | E11: =COUNTIF(A:A, "5 Д") -> 0
D12: 6 А | E12: =COUNTIF(A:A, "6 А") -> 0
D13: 6 Б | E13: =COUNTIF(A:A, "6 Б") -> 0
D14: 6 В | E14: =COUNTIF(A:A, "6 В") -> 0
D15: 6 Г | E15: =COUNTIF(A:A, "6 Г") -> 0
D16: 6 Д | E16: =COUNTIF(A:A, "6 Д") -> 0
D17: 7 А | E17: =COUNTIF(A:A, "7 А") -> 0
D18: 7 Б | E18: =COUNTIF(A:A, "7 Б") -> 0
D19: 7 В | E19: =COUNTIF(A:A, "7 В") -> 0
D20: 7 Г | E20: =COUNTIF(A:A, "7 Г") -> 0
D21: 8 А | E21: =COUNTIF(A:A, "8 А") -> 0
D22: 8 Б | E22: =COUNTIF(A:A, "8 Б") -> 0
D23: 8 В | E23: =COUNTIF(A:A, "8 В") -> 0
D24: 9 А | E24: =COUNTIF(A:A, "9 А") -> 0
D25: 9 Б | E25: =COUNTIF(A:A, "9 Б") -> 0
D26: 9 В | E26: =COUNTIF(A:A, "9 В") -> 0
D27: 9 Г | E27: =COUNTIF(A:A, "9 Г") -> 0
D28: 10 А | E28: =COUNTIF(A:A, "10 А") -> 3
D29: 10 Б | E29: =COUNTIF(A:A, "10 Б") -> 0
D30: 11 А | E30: =COUNTIF(A:A, "11 А") -> 0
D31: 11 Б | E31: =COUNTIF(A:A, "11 Б") -> 0
D32: Всего: | E32: =SUM(E2:E31) -> 3

Sheet Итал.язык
A1: Класс | B1: Ученик | D1: Класс | E1: Кол-во
A2: 10 А | B2: Головченко Константин Сергеевич | D2: 4 А | E2: =COUNTIF(A:A, "4 А") -> 0
A3: 10 А | B3: Островецкий Иван Александрович | D3: 4 Б | E3: =COUNTIF(A:A, "4 Б") -> 0
A4: 10 А | B4: Серина Дарья Сергеевна | D4: 4 В | E4: =COUNTIF(A:A, "4 В") -> 0
D5: 4 Г | E5: =COUNTIF(A:A, "4 Г") -> 0
D6: 4 Д | E6: =COUNTIF(A:A, "4 Д") -> 0
D7: 5 А | E7: =COUNTIF(A:A, "5 А") -> 0
D8: 5 Б | E8: =COUNTIF(A:A, "5 Б") -> 0
D9: 5 В | E9: =COUNTIF(A:A, "5 В") -> 0
D10: 5 Г | E10: =COUNTIF(A:A, "5 Г") -> 0
D11: 5 Д | E11: =COUNTIF(A:A, "5 Д") -> 0
D12: 6 А | E12: =COUNTIF(A:A, "6 А") -> 0
D13: 6 Б | E13: =COUNTIF(A:A, "6 Б") -> 0
D14: 6 В | E14: =COUNTIF(A:A, "6 В") -> 0
D15: 6 Г | E15: =COUNTIF(A:A, "6 Г") -> 0
D16: 6 Д | E16: =COUNTIF(A:A, "6 Д") -> 0
D17: 7 А | E17: =COUNTIF(A:A, "7 А") -> 0
D18: 7 Б | E18: =COUNTIF(A:A, "7 Б") -> 0
D19: 7 В | E19: =COUNTIF(A:A, "7 В") -> 0
D20: 7 Г | E20: =COUNTIF(A:A, "7 Г") -> 0
D21: 8 А | E21: =COUNTIF(A:A, "8 А") -> 0
D22: 8 Б | E22: =COUNTIF(A:A, "8 Б") -> 0
D23: 8 В | E23: =COUNTIF(A:A, "8 В") -> 0
D24: 9 А | E24: =COUNTIF(A:A, "9 А") -> 0
D25: 9 Б | E25: =COUNTIF(A:A, "9 Б") -> 0
D26: 9 В | E26: =COUNTIF(A:A, "9 В") -> 0
D27: 9 Г | E27: =COUNTIF(A:A, "9 Г") -> 0
D28: 10 А | E28: =COUNTIF(A:A, "10 А") -> 3
D29: 10 Б | E29: =COUNTIF(A:A, "10 Б") -> 0
D30: 11 А | E30: =COUNTIF(A:A, "11 А") -> 0
D31: 11 Б | E31: =COUNTIF(A:A, "11 Б") -> 0
D32: Всего: | E32: =SUM(E2:E31) -> 3

Sheet Кит.язык
A1: Класс | B1: Ученик | D1: Класс | E1: Кол-во
A2: 10 А | B2: Воробьёв Артём Константинович | D2: 4 А | E2: =COUNTIF(A:A, "4 А") -> 0
A3: 10 А | B3: Островецкий Иван Александрович | D3: 4 Б | E3: =COUNTIF(A:A, "4 Б") -> 0
A4: 10 А | B4: Серина Дарья Сергеевна | D4: 4 В | E4: =COUNTIF(A:A, "4 В") -> 0
D5: 4 Г | E5: =COUNTIF(A:A, "4 Г") -> 0
D6: 4 Д | E6: =COUNTIF(A:A, "4 Д") -> 0
D7: 5 А | E7: =COUNTIF(A:A, "5 А") -> 0
D8: 5 Б | E8: =COUNTIF(A:A, "5 Б") -> 0
D9: 5 В | E9: =COUNTIF(A:A, "5 В") -> 0
D10: 5 Г | E10: =COUNTIF(A:A, "5 Г") -> 0
D11: 5 Д | E11: =COUNTIF(A:A, "5 Д") -> 0
D12: 6 А | E12: =COUNTIF(A:A, "6 А") -> 0
D13: 6 Б | E13: =COUNTIF(A:A, "6 Б") -> 0
D14: 6 В | E14: =COUNTIF(A:A, "6 В") -> 0
D15: 6 Г | E15: =COUNTIF(A:A, "6 Г") -> 0
D16: 6 Д | E16: =COUNTIF(A:A, "6 Д") -> 0
D17: 7 А | E17: =COUNTIF(A:A, "7 А") -> 0
D18: 7 Б | E18: =COUNTIF(A:A, "7 Б") -> 0
D19: 7 В | E19: =COUNTIF(A:A, "7 В") -> 0
D20: 7 Г | E20: =COUNTIF(A:A, "7 Г") -> 0
D21: 8 А | E21: =COUNTIF(A:A, "8 А") -> 0
D22: 8 Б | E22: =COUNTIF(A:A, "8 Б") -> 0
D23: 8 В | E23: =COUNTIF(A:A, "8 В") -> 0
D24: 9 А | E24: =COUNTIF(A:A, "9 А") -> 0
D25: 9 Б | E25: =COUNTIF(A:A, "9 Б") -> 0
D26: 9 В | E26: =COUNTIF(A:A, "9 В") -> 0
D27: 9 Г | E27: =COUNTIF(A:A, "9 Г") -> 0
D28: 10 А | E28: =COUNTIF(A:A, "10 А") -> 3
D29: 10 Б | E29: =COUNTIF(A:A, "10 Б") -> 0
D30: 11 А | E30: =COUNTIF(A:A, "11 А") -> 0
D31: 11 Б | E31: =COUNTIF(A:A, "11 Б") -> 0
D32: Всего: | E32: =SUM(E2:E31) -> 3

Sheet Литература
A1: Класс | B1: Ученик | D1: Класс | E1: Кол-во
A2: 10 А | B2: Воробьёв Артём Константинович | D2: 4 А | E2: =COUNTIF(A:A, "4 А") -> 0
A3: 10 А | B3: Ожиганов Владислав Владимирович | D3: 4 Б | E3: =COUNTIF(A:A, "4 Б") -> 0
A4: 10 А | B4: Серина Дарья Сергеевна | D4: 4 В | E4: =COUNTIF(A:A, "4 В") -> 0
D5: 4 Г | E5: =COUNTIF(A:A, "4 Г") -> 0
D6: 4 Д | E6: =COUNTIF(A:A, "4 Д") -> 0
D7: 5 А | E7: =COUNTIF(A:A, "5 А") -> 0
D8: 5 Б | E8: =COUNTIF(A:A, "5 Б") -> 0
D9: 5 В | E9: =COUNTIF(A:A, "5 В") -> 0
D10: 5 Г | E10: =COUNTIF(A:A, "5 Г") -> 0
D11: 5 Д | E11: =COUNTIF(A:A, "5 Д") -> 0
D12: 6 А | E12: =COUNTIF(A:A, "6 А") -> 0
D13: 6 Б | E13: =COUNTIF(A:A, "6 Б") -> 0
D14: 6 В | E14: =COUNTIF(A:A, "6 В") -> 0
D15: 6 Г | E15: =COUNTIF(A:A, "6 Г") -> 0
D16: 6 Д | E16: =COUNTIF(A:A, "6 Д") -> 0
D17: 7 А | E17: =COUNTIF(A:A, "7 А") -> 0
D18: 7 Б | E18: =COUNTIF(A:A, "7 Б") -> 0
D19: 7 В | E19: =COUNTIF(A:A, "7 В") -> 0
D20: 7 Г | E20: =COUNTIF(A:A, "7 Г") -> 0
D21: 8 А | E21: =COUNTIF(A:A, "8 А") -> 0
D22: 8 Б | E22: =COUNTIF(A:A, "8 Б") -> 0
D23: 8 В | E23: =COUNTIF(A:A, "8 В") -> 0
D24: 9 А | E24: =COUNTIF(A:A, "9 А") -> 0
D25: 9 Б | E25: =COUNTIF(A:A, "9 Б") -> 0
D26: 9 В | E26: =COUNTIF(A:A, "9 В") -> 0
D27: 9 Г | E27: =COUNTIF(A:A, "9 Г") -> 0
D28: 10 А | E28: =COUNTIF(A:A, "10 А") -> 3
D29: 10 Б | E29: =COUNTIF(A:A, "10 Б") -> 0
D30: 11 А | E30: =COUNTIF(A:A, "11 А") -> 0
D31: 11 Б | E31: =COUNTIF(A:A, "11 Б") -> 0
D32: Всего: | E32: =SUM(E2:E31) -> 3

Sheet Математика
A1: Класс | B1: Ученик | D1: Класс | E1: Кол-во
A2: 4 А | B2: Алтапов Марк Евгеньевич | D2: 4 А | E2: =COUNTIF(A:A, "4 А") -> 19
A3: 4 А | B3: Байдарова Камелия Умидовна | D3: 4 Б | E3: =COUNTIF(A:A, "4 Б") -> 0
A4: 4 А | B4: Белоущенко Фёдор Максимович | D4: 4 В | E4: =COUNTIF(A:A, "4 В") -> 0
A5: 4 А | B5: Воробьева Екатерина Михайловна | D5: 4 Г | E5: =COUNTIF(A:A, "4 Г") -> 0
A6: 4 А | B6: Иванов Семён Иванович | D6: 4 Д | E6: =COUNTIF(A:A, "4 Д") -> 0
A7: 4 А | B7: Иванова Виолетта Викторовна | D7: 5 А | E7: =COUNTIF(A:A, "5 А") -> 0
A8: 4 А | B8: Карле Мария Евгеньевна | D8: 5 Б | E8: =COUNTIF(A:A, "5 Б") -> 0
A9: 4 А | B9: Красикова Анна Дмитриевна | D9: 5 В | E9: =COUNTIF(A:A, "5 В") -> 0
A10: 4 А | B10: Митькина Ева Сергеевна | D10: 5 Г | E10: =COUNTIF(A:A, "5 Г") -> 0
A11: 4 А | B11: Молостов Роман Андреевич | D11: 5 Д | E11: =COUNTIF(A:A, "5 Д") -> 0
A12: 4 А | B12: Никонова Зоя Алексеевна | D12: 6 А | E12: =COUNTIF(A:A, "6 А") -> 0
A13: 4 А | B13: Персанов Владимир Андреевич | D13: 6 Б | E13: =COUNTIF(A:A, "6 Б") -> 0
A14: 4 А | B14: Плешков Даниил Сергеевич | D14: 6 В | E14: =COUNTIF(A:A, "6 В") -> 0
A15: 4 А | B15: Стожков Алексей Дмитриевич | D15: 6 Г | E15: =COUNTIF(A:A, "6 Г") -> 0
A16: 4 А | B16: Тельминов Иван Николаевич | D16: 6 Д | E16: =COUNTIF(A:A, "6 Д") -> 0
A17: 4 А | B17: Уфимцева София Павловна | D17: 7 А | E17: =COUNTIF(A:A, "7 А") -> 0
A18: 4 А | B18: Хавлин Данил Игоревич | D18: 7 Б | E18: =COUNTIF(A:A, "7 Б") -> 0
A19: 4 А | B19: Чернейкова Дарья Константиновна | D19: 7 В | E19: =COUNTIF(A:A, "7 В") -> 0
A20: 4 А | B20: Чирков Владислав Денисович | D20: 7 Г | E20: =COUNTIF(A:A, "7 Г") -> 0
A21: 10 А | B21: Артемов Тимофей Андреевич | D21: 8 А | E21: =COUNTIF(A:A, "8 А") -> 0
A22: 10 А | B22: Ожиганов Владислав Владимирович | D22: 8 Б | E22: =COUNTIF(A:A, "8 Б") -> 0
A23: 10 А | B23: Серина Дарья Сергеевна | D23: 8 В | E23: =COUNTIF(A:A, "8 В") -> 0
D24: 9 А | E24: =COUNTIF(A:A, "9 А") -> 0
D25: 9 Б | E25: =COUNTIF(A:A, "9 Б") -> 0
D26: 9 В | E26: =COUNTIF(A:A, "9 В") -> 0
D27: 9 Г | E27: =COUNTIF(A:A, "9 Г") -> 0
D28: 10 А | E28: =COUNTIF(A:A, "10 А") -> 3
D29: 10 Б | E29: =COUNTIF(A:A, "10 Б") -> 0
D30: 11 А | E30: =COUNTIF(A:A, "11 А") -> 0
D31: 11 Б | E31: =COUNTIF(A:A, "11 Б") -> 0
D32: Всего: | E32: =SUM(E2:E31) -> 22

Sheet Нем.язык
A1: Класс | B1: Ученик | D1: Класс | E1: Кол-во
A2: 10 А | B2: Артемов Тимофей Андреевич | D2: 4 А | E2: =COUNTIF(A:A, "4 А") -> 0
A3: 10 А | B3: Ожиганов Владислав Владимирович | D3: 4 Б | E3: =COUNTIF(A:A, "4 Б") -> 0
A4: 10 А | B4: Симанович Виктория Александровна | D4: 4 В | E4: =COUNTIF(A:A, "4 В") -> 0
D5: 4 Г | E5: =COUNTIF(A:A, "4 Г") -> 0
D6: 4 Д | E6: =COUNTIF(A:A, "4 Д") -> 0
D7: 5 А | E7: =COUNTIF(A:A, "5 А") -> 0
D8: 5 Б | E8: =COUNTIF(A:A, "5 Б") -> 0
D9: 5 В | E9: =COUNTIF(A:A, "5 В") -> 0
D10: 5 Г | E10: =COUNTIF(A:A, "5 Г") -> 0
D11: 5 Д | E11: =COUNTIF(A:A, "5 Д") -> 0
D12: 6 А | E12: =COUNTIF(A:A, "6 А") -> 0
D13: 6 Б | E13: =COUNTIF(A:A, "6 Б") -> 0
D14: 6 В | E14: =COUNTIF(A:A, "6 В") -> 0
D15: 6 Г | E15: =COUNTIF(A:A, "6 Г") -> 0
D16: 6 Д | E16: =COUNTIF(A:A, "6 Д") -> 0
D17: 7 А | E17: =COUNTIF(A:A, "7 А") -> 0
D18: 7 Б | E18: =COUNTIF(A:A, "7 Б") -> 0
D19: 7 В | E19: =COUNTIF(A:A, "7 В") -> 0
D20: 7 Г | E20: =COUNTIF(A:A, "7 Г") -> 0
D21: 8 А | E21: =COUNTIF(A:A, "8 А") -> 0
D22: 8 Б | E22: =COUNTIF(A:A, "8 Б") -> 0
D23: 8 В | E23: =COUNTIF(A:A, "8 В") -> 0
D24: 9 А | E24: =COUNTIF(A:A, "9 А") -> 0
D25: 9 Б | E25: =COUNTIF(A:A, "9 Б") -> 0
D26: 9 В | E26: =COUNTIF(A:A, "9 В") -> 0
D27: 9 Г | E27: =COUNTIF(A:A, "9 Г") -> 0
D28: 10 А | E28: =COUNTIF(A:A, "10 А") -> 3
D29: 10 Б | E29: =COUNTIF(A:A, "10 Б") -> 0
D30: 11 А | E30: =COUNTIF(A:A, "11 А") -> 0
D31: 11 Б | E31: =COUNTIF(A:A, "11 Б") -> 0
D32: Всего: | E32: =SUM(E2:E31) -> 3

Sheet ОБЗР
A1: Класс | B1: Ученик | D1: Класс | E1: Кол-во
A2: 10 А | B2: Анисимова София Александровна | D2: 4 А | E2: =COUNTIF(A:A, "4 А") -> 0
A3: 10 А | B3: Николаев Владислав Денисович | D3: 4 Б | E3: =COUNTIF(A:A, "4 Б") -> 0
A4: 10 А | B4: Симанович Виктория Александровна | D4: 4 В | E4: =COUNTIF(A:A, "4 В") -> 0
D5: 4 Г | E5: =COUNTIF(A:A, "4 Г") -> 0
D6: 4 Д | E6: =COUNTIF(A:A, "4 Д") -> 0
D7: 5 А | E7: =COUNTIF(A:A, "5 А") -> 0
D8: 5 Б | E8: =COUNTIF(A:A, "5 Б") -> 0
D9: 5 В | E9: =COUNTIF(A:A, "5 В") -> 0
D10: 5 Г | E10: =COUNTIF(A:A, "5 Г") -> 0
D11: 5 Д | E11: =COUNTIF(A:A, "5 Д") -> 0
D12: 6 А | E12: =COUNTIF(A:A, "6 А") -> 0
D13: 6 Б | E13: =COUNTIF(A:A, "6 Б") -> 0
D14: 6 В | E14: =COUNTIF(A:A, "6 В") -> 0
D15: 6 Г | E15: =COUNTIF(A:A, "6 Г") -> 0
D16: 6 Д | E16: =COUNTIF(A:A, "6 Д") -> 0
D17: 7 А | E17: =COUNTIF(A:A, "7 А") -> 0
D18: 7 Б | E18: =COUNTIF(A:A, "7 Б") -> 0
D19: 7 В | E19: =COUNTIF(A:A, "7 В") -> 0
D20: 7 Г | E20: =COUNTIF(A:A, "7 Г") -> 0
D21: 8 А | E21: =COUNTIF(A:A, "8 А") -> 0
D22: 8 Б | E22: =COUNTIF(A:A, "8 Б") -> 0
D23: 8 В | E23: =COUNTIF(A:A, "8 В") -> 0
D24: 9 А | E24: =COUNTIF(A:A, "9 А") -> 0
D25: 9 Б | E25: =COUNTIF(A:A, "9 Б") -> 0
D26: 9 В | E26: =COUNTIF(A:A, "9 В") -> 0
D27: 9 Г | E27: =COUNTIF(A:A, "9 Г") -> 0
D28: 10 А | E28: =COUNTIF(A:A, "10 А") -> 3
D29: 10 Б | E29: =COUNTIF(A:A, "10 Б") -> 0
D30: 11 А | E30: =COUNTIF(A:A, "11 А") -> 0
D31: 11 Б | E31: =COUNTIF(A:A, "11 Б") -> 0
D32: Всего: | E32: =SUM(E2:E31) -> 3

Sheet Обществознание
A1: Класс | B1: Ученик | D1: Класс | E1: Кол-во
A2: 10 А | B2: Анисимова София Александровна | D2: 4 А | E2: =COUNTIF(A:A, "4 А") -> 0
A3: 10 А | B3: Николаев Владислав Денисович | D3: 4 Б | E3: =COUNTIF(A:A, "4 Б") -> 0
A4: 10 А | B4: Смирнова Вероника Антоновна | D4: 4 В | E4: =COUNTIF(A:A, "4 В") -> 0
A5: 10 А | B5: Филатова Анжелика Дмитриевна | D5: 4 Г | E5: =COUNTIF(A:A, "4 Г") -> 0
D6: 4 Д | E6: =COUNTIF(A:A, "4 Д") -> 0
D7: 5 А | E7: =COUNTIF(A:A, "5 А") -> 0
D8: 5 Б | E8: =COUNTIF(A:A, "5 Б") -> 0
D9: 5 В | E9: =COUNTIF(A:A, "5 В") -> 0
D10: 5 Г | E10: =COUNTIF(A:A, "5 Г") -> 0
D11: 5 Д | E11: =COUNTIF(A:A, "5 Д") -> 0
D12: 6 А | E12: =COUNTIF(A:A, "6 А") -> 0
D13: 6 Б | E13: =COUNTIF(A:A, "6 Б") -> 0
D14: 6 В | E14: =COUNTIF(A:A, "6 В") -> 0
D15: 6 Г | E15: =COUNTIF(A:A, "6 Г") -> 0
D16: 6 Д | E16: =COUNTIF(A:A, "6 Д") -> 0
D17: 7 А | E17: =COUNTIF(A:A, "7 А") -> 0
D18: 7 Б | E18: =COUNTIF(A:A, "7 Б") -> 0
D19: 7 В | E19: =COUNTIF(A:A, "7 В") -> 0
D20: 7 Г | E20: =COUNTIF(A:A, "7 Г") -> 0
D21: 8 А | E21: =COUNTIF(A:A, "8 А") -> 0
D22: 8 Б | E22: =COUNTIF(A:A, "8 Б") -> 0
D23: 8 В | E23: =COUNTIF(A:A, "8 В") -> 0
D24: 9 А | E24: =COUNTIF(A:A, "9 А") -> 0
D25: 9 Б | E25: =COUNTIF(A:A, "9 Б") -> 0
D26: 9 В | E26: =COUNTIF(A:A, "9 В") -> 0
D27: 9 Г | E27: =COUNTIF(A:A, "9 Г") -> 0
D28: 10 А | E28: =COUNTIF(A:A, "10 А") -> 4
D29: 10 Б | E29: =COUNTIF(A:A, "10 Б") -> 0
D30: 11 А | E30: =COUNTIF(A:A, "11 А") -> 0
D31: 11 Б | E31: =COUNTIF(A:A, "11 Б") -> 0
D32: Всего: | E32: =SUM(E2:E31) -> 4

Sheet Право
A1: Класс | B1: Ученик | D1: Класс | E1: Кол-во
A2: 10 А | B2: Аброськина Риана Александровна | D2: 4 А | E2: =COUNTIF(A:A, "4 А") -> 0
A3: 10 А | B3: Николаев Владислав Денисович | D3: 4 Б | E3: =COUNTIF(A:A, "4 Б") -> 0
A4: 10 А | B4: Филатова Анжелика Дмитриевна | D4: 4 В | E4: =COUNTIF(A:A, "4 В") -> 0
D5: 4 Г | E5: =COUNTIF(A:A, "4 Г") -> 0
D6: 4 Д | E6: =COUNTIF(A:A, "4 Д") -> 0
D7: 5 А | E7: =COUNTIF(A:A, "5 А") -> 0
D8: 5 Б | E8: =COUNTIF(A:A, "5 Б") -> 0
D9: 5 В | E9: =COUNTIF(A:A, "5 В") -> 0
D10: 5 Г | E10: =COUNTIF(A:A, "5 Г") -> 0
D11: 5 Д | E11: =COUNTIF(A:A, "5 Д") -> 0
D12: 6 А | E12: =COUNTIF(A:A, "6 А") -> 0
D13: 6 Б | E13: =COUNTIF(A:A, "6 Б") -> 0
D14: 6 В | E14: =COUNTIF(A:A, "6 В") -> 0
D15: 6 Г | E15: =COUNTIF(A:A, "6 Г") -> 0
D16: 6 Д | E16: =COUNTIF(A:A, "6 Д") -> 0
D17: 7 А | E17: =COUNTIF(A:A, "7 А") -> 0
D18: 7 Б | E18: =COUNTIF(A:A, "7 Б") -> 0
D19: 7 В | E19: =COUNTIF(A:A, "7 В") -> 0
D20: 7 Г | E20: =COUNTIF(A:A, "7 Г") -> 0
D21: 8 А | E21: =COUNTIF(A:A, "8 А") -> 0
D22: 8 Б | E22: =COUNTIF(A:A, "8 Б") -> 0
D23: 8 В | E23: =COUNTIF(A:A, "8 В") -> 0
D24: 9 А | E24: =COUNTIF(A:A, "9 А") -> 0
D25: 9 Б | E25: =COUNTIF(A:A, "9 Б") -> 0
D26: 9 В | E26: =COUNTIF(A:A, "9 В") -> 0
D27: 9 Г | E27: =COUNTIF(A:A, "9 Г") -> 0
D28: 10 А | E28: =COUNTIF(A:A, "10 А") -> 3
D29: 10 Б | E29: =COUNTIF(A:A, "10 Б") -> 0
D30: 11 А | E30: =COUNTIF(A:A, "11 А") -> 0
D31: 11 Б | E31: =COUNTIF(A:A, "11 Б") -> 0
D32: Всего: | E32: =SUM(E2:E31) -> 3

Sheet Программирование
A1: Класс | B1: Ученик | D1: Класс | E1: Кол-во
A2: 10 А | B2: Анисимова София Александровна | D2: 4 А | E2: =COUNTIF(A:A, "4 А") -> 0
A3: 10 А | B3: Немкова Анастасия Денисовна | D3: 4 Б | E3: =COUNTIF(A:A, "4 Б") -> 0
A4: 10 А | B4: Смирнова Вероника Антоновна | D4: 4 В | E4: =COUNTIF(A:A, "4 В") -> 0
A5: 10 А | B5: Филатова Анжелика Дмитриевна | D5: 4 Г | E5: =COUNTIF(A:A, "4 Г") -> 0
D6: 4 Д | E6: =COUNTIF(A:A, "4 Д") -> 0
D7: 5 А | E7: =COUNTIF(A:A, "5 А") -> 0
D8: 5 Б | E8: =COUNTIF(A:A, "5 Б") -> 0
D9: 5 В | E9: =COUNTIF(A:A, "5 В") -> 0
D10: 5 Г | E10: =COUNTIF(A:A, "5 Г") -> 0
D11: 5 Д | E11: =COUNTIF(A:A, "5 Д") -> 0
D12: 6 А | E12: =COUNTIF(A:A, "6 А") -> 0
D13: 6 Б | E13: =COUNTIF(A:A, "6 Б") -> 0
D14: 6 В | E14: =COUNTIF(A:A, "6 В") -> 0
D15: 6 Г | E15: =COUNTIF(A:A, "6 Г") -> 0
D16: 6 Д | E16: =COUNTIF(A:A, "6 Д") -> 0
D17: 7 А | E17: =COUNTIF(A:A, "7 А") -> 0
D18: 7 Б | E18: =COUNTIF(A:A, "7 Б") -> 0
D19: 7 В | E19: =COUNTIF(A:A, "7 В") -> 0
D20: 7 Г | E20: =COUNTIF(A:A, "7 Г") -> 0
D21: 8 А | E21: =COUNTIF(A:A, "8 А") -> 0
D22: 8 Б | E22: =COUNTIF(A:A, "8 Б") -> 0
D23: 8 В | E23: =COUNTIF(A:A, "8 В") -> 0
D24: 9 А | E24: =COUNTIF(A:A, "9 А") -> 0
D25: 9 Б | E25: =COUNTIF(A:A, "9 Б") -> 0
D26: 9 В | E26: =COUNTIF(A:A, "9 В") -> 0
D27: 9 Г | E27: =COUNTIF(A:A, "9 Г") -> 0
D28: 10 А | E28: =COUNTIF(A:A, "10 А") -> 4
D29: 10 Б | E29: =COUNTIF(A:A, "10 Б") -> 0
D30: 11 А | E30: =COUNTIF(A:A, "11 А") -> 0
D31: 11 Б | E31: =COUNTIF(A:A, "11 Б") -> 0
D32: Всего: | E32: =SUM(E2:E31) -> 4

Sheet Робототехника
A1: Класс | B1: Ученик | D1: Класс | E1: Кол-во
A2: 10 А | B2: Артемов Тимофей Андреевич | D2: 4 А | E2: =COUNTIF(A:A, "4 А") -> 0
A3: 10 А | B3: Мурындина Елена Сергеевна | D3: 4 Б | E3: =COUNTIF(A:A, "4 Б") -> 0
A4: 10 А | B4: Смирнова Вероника Антоновна | D4: 4 В | E4: =COUNTIF(A:A, "4 В") -> 0
D5: 4 Г | E5: =COUNTIF(A:A, "4 Г") -> 0
D6: 4 Д | E6: =COUNTIF(A:A, "4 Д") -> 0
D7: 5 А | E7: =COUNTIF(A:A, "5 А") -> 0
D8: 5 Б | E8: =COUNTIF(A:A, "5 Б") -> 0
D9: 5 В | E9: =COUNTIF(A:A, "5 В") -> 0
D10: 5 Г | E10: =COUNTIF(A:A, "5 Г") -> 0
D11: 5 Д | E11: =COUNTIF(A:A, "5 Д") -> 0
D12: 6 А | E12: =COUNTIF(A:A, "6 А") -> 0
D13: 6 Б | E13: =COUNTIF(A:A, "6 Б") -> 0
D14: 6 В | E14: =COUNTIF(A:A, "6 В") -> 0
D15: 6 Г | E15: =COUNTIF(A:A, "6 Г") -> 0
D16: 6 Д | E16: =COUNTIF(A:A, "6 Д") -> 0
D17: 7 А | E17: =COUNTIF(A:A, "7 А") -> 0
D18: 7 Б | E18: =COUNTIF(A:A, "7 Б") -> 0
D19: 7 В | E19: =COUNTIF(A:A, "7 В") -> 0
D20: 7 Г | E20: =COUNTIF(A:A, "7 Г") -> 0
D21: 8 А | E21: =COUNTIF(A:A, "8 А") -> 0
D22: 8 Б | E22: =COUNTIF(A:A, "8 Б") -> 0
D23: 8 В | E23: =COUNTIF(A:A, "8 В") -> 0
D24: 9 А | E24: =COUNTIF(A:A, "9 А") -> 0
D25: 9 Б | E25: =COUNTIF(A:A, "9 Б") -> 0
D26: 9 В | E26: =COUNTIF(A:A, "9 В") -> 0
D27: 9 Г | E27: =COUNTIF(A:A, "9 Г") -> 0
D28: 10 А | E28: =COUNTIF(A:A, "10 А") -> 3
D29: 10 Б | E29: =COUNTIF(A:A, "10 Б") -> 0
D30: 11 А | E30: =COUNTIF(A:A, "11 А") -> 0
D31: 11 Б | E31: =COUNTIF(A:A, "11 Б") -> 0
D32: Всего: | E32: =SUM(E2:E31) -> 3

Sheet Русский язык
A1: Класс | B1: Ученик | D1: Класс | E1: Кол-во
A2: 4 А | B2: Герасимчук Лев Александрович | D2: 4 А | E2: =COUNTIF(A:A, "4 А") -> 11
A3: 4 А | B3: Гумерова Валентина Руслановна | D3: 4 Б | E3: =COUNTIF(A:A, "4 Б") -> 0
A4: 4 А | B4: Дягилев Григорий Вадимович | D4: 4 В | E4: =COUNTIF(A:A, "4 В") -> 0
A5: 4 А | B5: Ларионова Тина Игоревна | D5: 4 Г | E5: =COUNTIF(A:A, "4 Г") -> 0
A6: 4 А | B6: Лопатина Юлия Алексеевна | D6: 4 Д | E6: =COUNTIF(A:A, "4 Д") -> 0
A7: 4 А | B7: Мелвина Вероника Олеговна | D7: 5 А | E7: =COUNTIF(A:A, "5 А") -> 0
A8: 4 А | B8: Мельник Демид Владимирович | D8: 5 Б | E8: =COUNTIF(A:A, "5 Б") -> 0
A9: 4 А | B9: Русяев Артем Евгеньевич | D9: 5 В | E9: =COUNTIF(A:A, "5 В") -> 0
A10: 4 А | B10: Рыбакова София Михайловна | D10: 5 Г | E10: =COUNTIF(A:A, "5 Г") -> 0
A11: 4 А | B11: Чувакова Таисия Ивановна | D11: 5 Д | E11: =COUNTIF(A:A, "5 Д") -> 0
A12: 4 А | B12: Шадрин Михаил Сергеевич | D12: 6 А | E12: =COUNTIF(A:A, "6 А") -> 0
A13: 10 А | B13: Воробьёв Артём Константинович | D13: 6 Б | E13: =COUNTIF(A:A, "6 Б") -> 0
A14: 10 А | B14: Мурындина Елена Сергеевна | D14: 6 В | E14: =COUNTIF(A:A, "6 В") -> 0
A15: 10 А | B15: Смирнова Вероника Антоновна | D15: 6 Г | E15: =COUNTIF(A:A, "6 Г") -> 0
A16: 10 А | B16: Филатова Анжелика Дмитриевна | D16: 6 Д | E16: =COUNTIF(A:A, "6 Д") -> 0
D17: 7 А | E17: =COUNTIF(A:A, "7 А") -> 0
D18: 7 Б | E18: =COUNTIF(A:A, "7 Б") -> 0
D19: 7 В | E19: =COUNTIF(A:A, "7 В") -> 0
D20: 7 Г | E20: =COUNTIF(A:A, "7 Г") -> 0
D21: 8 А | E21: =COUNTIF(A:A, "8 А") -> 0
D22: 8 Б | E22: =COUNTIF(A:A, "8 Б") -> 0
D23: 8 В | E23: =COUNTIF(A:A, "8 В") -> 0
D24: 9 А | E24: =COUNTIF(A:A, "9 А") -> 0
D25: 9 Б | E25: =COUNTIF(A:A, "9 Б") -> 0
D26: 9 В | E26: =COUNTIF(A:A, "9 В") -> 0
D27: 9 Г | E27: =COUNTIF(A:A, "9 Г") -> 0
D28: 10 А | E28: =COUNTIF(A:A, "10 А") -> 4
D29: 10 Б | E29: =COUNTIF(A:A, "10 Б") -> 0
D30: 11 А | E30: =COUNTIF(A:A, "11 А") -> 0
D31: 11 Б | E31: =COUNTIF(A:A, "11 Б") -> 0
D32: Всего: | E32: =SUM(E2:E31) -> 15

Sheet Труд
A1: Класс | B1: Ученик | D1: Класс | E1: Кол-во
A2: 10 А | B2: Головченко Константин Сергеевич | D2: 4 А | E2: =COUNTIF(A:A, "4 А") -> 0
A3: 10 А | B3: Мурындина Елена Сергеевна | D3: 4 Б | E3: =COUNTIF(A:A, "4 Б") -> 0
A4: 10 А | B4: Смирнова Вероника Антоновна | D4: 4 В | E4: =COUNTIF(A:A, "4 В") -> 0
D5: 4 Г | E5: =COUNTIF(A:A, "4 Г") -> 0
D6: 4 Д | E6: =COUNTIF(A:A, "4 Д") -> 0
D7: 5 А | E7: =COUNTIF(A:A, "5 А") -> 0
D8: 5 Б | E8: =COUNTIF(A:A, "5 Б") -> 0
D9: 5 В | E9: =COUNTIF(A:A, "5 В") -> 0
D10: 5 Г | E10: =COUNTIF(A:A, "5 Г") -> 0
D11: 5 Д | E11: =COUNTIF(A:A, "5 Д") -> 0
D12: 6 А | E12: =COUNTIF(A:A, "6 А") -> 0
D13: 6 Б | E13: =COUNTIF(A:A, "6 Б") -> 0
D14: 6 В | E14: =COUNTIF(A:A, "6 В") -> 0
D15: 6 Г | E15: =COUNTIF(A:A, "6 Г") -> 0
D16: 6 Д | E16: =COUNTIF(A:A, "6 Д") -> 0
D17: 7 А | E17: =COUNTIF(A:A, "7 А") -> 0
D18: 7 Б | E18: =COUNTIF(A:A, "7 Б") -> 0
D19: 7 В | E19: =COUNTIF(A:A, "7 В") -> 0
D20: 7 Г | E20: =COUNTIF(A:A, "7 Г") -> 0
D21: 8 А | E21: =COUNTIF(A:A, "8 А") -> 0
D22: 8 Б | E22: =COUNTIF(A:A, "8 Б") -> 0
D23: 8 В | E23: =COUNTIF(A:A, "8 В") -> 0
D24: 9 А | E24: =COUNTIF(A:A, "9 А") -> 0
D25: 9 Б | E25: =COUNTIF(A:A, "9 Б") -> 0
D26: 9 В | E26: =COUNTIF(A:A, "9 В") -> 0
D27: 9 Г | E27: =COUNTIF(A:A, "9 Г") -> 0
D28: 10 А | E28: =COUNTIF(A:A, "10 А") -> 3
D29: 10 Б | E29: =COUNTIF(A:A, "10 Б") -> 0
D30: 11 А | E30: =COUNTIF(A:A, "11 А") -> 0
D31: 11 Б | E31: =COUNTIF(A:A, "11 Б") -> 0
D32: Всего: | E32: =SUM(E2:E31) -> 3

Sheet Физ.культура
A1: Класс | B1: Ученик | D1: Класс | E1: Кол-во
A2: 10 А | B2: Иванова Арина Сергеевна | D2: 4 А | E2: =COUNTIF(A:A, "4 А") -> 0
A3: 10 А | B3: Мурындина Елена Сергеевна | D3: 4 Б | E3: =COUNTIF(A:A, "4 Б") -> 0
D4: 4 В | E4: =COUNTIF(A:A, "4 В") -> 0
D5: 4 Г | E5: =COUNTIF(A:A, "4 Г") -> 0
D6: 4 Д | E6: =COUNTIF(A:A, "4 Д") -> 0
D7: 5 А | E7: =COUNTIF(A:A, "5 А") -> 0
D8: 5 Б | E8: =COUNTIF(A:A, "5 Б") -> 0
D9: 5 В | E9: =COUNTIF(A:A, "5 В") -> 0
D10: 5 Г | E10: =COUNTIF(A:A, "5 Г") -> 0
D11: 5 Д | E11: =COUNTIF(A:A, "5 Д") -> 0
D12: 6 А | E12: =COUNTIF(A:A, "6 А") -> 0
D13: 6 Б | E13: =COUNTIF(A:A, "6 Б") -> 0
D14: 6 В | E14: =COUNTIF(A:A, "6 В") -> 0
D15: 6 Г | E15: =COUNTIF(A:A, "6 Г") -> 0
D16: 6 Д | E16: =COUNTIF(A:A, "6 Д") -> 0
D17: 7 А | E17: =COUNTIF(A:A, "7 А") -> 0
D18: 7 Б | E18: =COUNTIF(A:A, "7 Б") -> 0
D19: 7 В | E19: =COUNTIF(A:A, "7 В") -> 0
D20: 7 Г | E20: =COUNTIF(A:A, "7 Г") -> 0
D21: 8 А | E21: =COUNTIF(A:A, "8 А") -> 0
D22: 8 Б | E22: =COUNTIF(A:A, "8 Б") -> 0
D23: 8 В | E23: =COUNTIF(A:A, "8 В") -> 0
D24: 9 А | E24: =COUNTIF(A:A, "9 А") -> 0
D25: 9 Б | E25: =COUNTIF(A:A, "9 Б") -> 0
D26: 9 В | E26: =COUNTIF(A:A, "9 В") -> 0
D27: 9 Г | E27: =COUNTIF(A:A, "9 Г") -> 0
D28: 10 А | E28: =COUNTIF(A:A, "10 А") -> 2
D29: 10 Б | E29: =COUNTIF(A:A, "10 Б") -> 0
D30: 11 А | E30: =COUNTIF(A:A, "11 А") -> 0
D31: 11 Б | E31: =COUNTIF(A:A, "11 Б") -> 0
D32: Всего: | E32: =SUM(E2:E31) -> 2

Sheet Физика
A1: Класс | B1: Ученик | D1: Класс | E1: Кол-во
A2: 10 А | B2: Иванова Арина Сергеевна | D2: 4 А | E2: =COUNTIF(A:A, "4 А") -> 0
A3: 10 А | B3: Мурындина Елена Сергеевна | D3: 4 Б | E3: =COUNTIF(A:A, "4 Б") -> 0
A4: 10 А | B4: Смирнова Вероника Антоновна | D4: 4 В | E4: =COUNTIF(A:A, "4 В") -> 0
D5: 4 Г | E5: =COUNTIF(A:A, "4 Г") -> 0
D6: 4 Д | E6: =COUNTIF(A:A, "4 Д") -> 0
D7: 5 А | E7: =COUNTIF(A:A, "5 А") -> 0
D8: 5 Б | E8: =COUNTIF(A:A, "5 Б") -> 0
D9: 5 В | E9: =COUNTIF(A:A, "5 В") -> 0
D10: 5 Г | E10: =COUNTIF(A:A, "5 Г") -> 0
D11: 5 Д | E11: =COUNTIF(A:A, "5 Д") -> 0
D12: 6 А | E12: =COUNTIF(A:A, "6 А") -> 0
D13: 6 Б | E13: =COUNTIF(A:A, "6 Б") -> 0
D14: 6 В | E14: =COUNTIF(A:A, "6 В") -> 0
D15: 6 Г | E15: =COUNTIF(A:A, "6 Г") -> 0
D16: 6 Д | E16: =COUNTIF(A:A, "6 Д") -> 0
D17: 7 А | E17: =COUNTIF(A:A, "7 А") -> 0
D18: 7 Б | E18: =COUNTIF(A:A, "7 Б") -> 0
D19: 7 В | E19: =COUNTIF(A:A, "7 В") -> 0
D20: 7 Г | E20: =COUNTIF(A:A, "7 Г") -> 0
D21: 8 А | E21: =COUNTIF(A:A, "8 А") -> 0
D22: 8 Б | E22: =COUNTIF(A:A, "8 Б") -> 0
D23: 8 В | E23: =COUNTIF(A:A, "8 В") -> 0
D24: 9 А | E24: =COUNTIF(A:A, "9 А") -> 0
D25: 9 Б | E25: =COUNTIF(A:A, "9 Б") -> 0
D26: 9 В | E26: =COUNTIF(A:A, "9 В") -> 0
D27: 9 Г | E27: =COUNTIF(A:A, "9 Г") -> 0
D28: 10 А | E28: =COUNTIF(A:A, "10 А") -> 3
D29: 10 Б | E29: =COUNTIF(A:A, "10 Б") -> 0
D30: 11 А | E30: =COUNTIF(A:A, "11 А") -> 0
D31: 11 Б | E31: =COUNTIF(A:A, "11 Б") -> 0
D32: Всего: | E32: =SUM(E2:E31) -> 3

Sheet Фран.язык
A1: Класс | B1: Ученик | D1: Класс | E1: Кол-во
A2: 10 А | B2: Иванова Арина Сергеевна | D2: 4 А | E2: =COUNTIF(A:A, "4 А") -> 0
A3: 10 А | B3: Мурындина Елена Сергеевна | D3: 4 Б | E3: =COUNTIF(A:A, "4 Б") -> 0
D4: 4 В | E4: =COUNTIF(A:A, "4 В") -> 0
D5: 4 Г | E5: =COUNTIF(A:A, "4 Г") -> 0
D6: 4 Д | E6: =COUNTIF(A:A, "4 Д") -> 0
D7: 5 А | E7: =COUNTIF(A:A, "5 А") -> 0
D8: 5 Б | E8: =COUNTIF(A:A, "5 Б") -> 0
D9: 5 В | E9: =COUNTIF(A:A, "5 В") -> 0
D10: 5 Г | E10: =COUNTIF(A:A, "5 Г") -> 0
D11: 5 Д | E11: =COUNTIF(A:A, "5 Д") -> 0
D12: 6 А | E12: =COUNTIF(A:A, "6 А") -> 0
D13: 6 Б | E13: =COUNTIF(A:A, "6 Б") -> 0
D14: 6 В | E14: =COUNTIF(A:A, "6 В") -> 0
D15: 6 Г | E15: =COUNTIF(A:A, "6 Г") -> 0
D16: 6 Д | E16: =COUNTIF(A:A, "6 Д") -> 0
D17: 7 А | E17: =COUNTIF(A:A, "7 А") -> 0
D18: 7 Б | E18: =COUNTIF(A:A, "7 Б") -> 0
D19: 7 В | E19: =COUNTIF(A:A, "7 В") -> 0
D20: 7 Г | E20: =COUNTIF(A:A, "7 Г") -> 0
D21: 8 А | E21: =COUNTIF(A:A, "8 А") -> 0
D22: 8 Б | E22: =COUNTIF(A:A, "8 Б") -> 0
D23: 8 В | E23: =COUNTIF(A:A, "8 В") -> 0
D24: 9 А | E24: =COUNTIF(A:A, "9 А") -> 0
D25: 9 Б | E25: =COUNTIF(A:A, "9 Б") -> 0
D26: 9 В | E26: =COUNTIF(A:A, "9 В") -> 0
D27: 9 Г | E27: =COUNTIF(A:A, "9 Г") -> 0
D28: 10 А | E28: =COUNTIF(A:A, "10 А") -> 2
D29: 10 Б | E29: =COUNTIF(A:A, "10 Б") -> 0
D30: 11 А | E30: =COUNTIF(A:A, "11 А") -> 0
D31: 11 Б | E31: =COUNTIF(A:A, "11 Б") -> 0
D32: Всего: | E32: =SUM(E2:E31) -> 2

Sheet Химия
A1: Класс | B1: Ученик | D1: Класс | E1: Кол-во
A2: 10 А | B2: Костарев Андрей Алексеевич | D2: 4 А | E2: =COUNTIF(A:A, "4 А") -> 0
A3: 10 А | B3: Мурындина Елена Сергеевна | D3: 4 Б | E3: =COUNTIF(A:A, "4 Б") -> 0
D4: 4 В | E4: =COUNTIF(A:A, "4 В") -> 0
D5: 4 Г | E5: =COUNTIF(A:A, "4 Г") -> 0
D6: 4 Д | E6: =COUNTIF(A:A, "4 Д") -> 0
D7: 5 А | E7: =COUNTIF(A:A, "5 А") -> 0
D8: 5 Б | E8: =COUNTIF(A:A, "5 Б") -> 0
D9: 5 В | E9: =COUNTIF(A:A, "5 В") -> 0
D10: 5 Г | E10: =COUNTIF(A:A, "5 Г") -> 0
D11: 5 Д | E11: =COUNTIF(A:A, "5 Д") -> 0
D12: 6 А | E12: =COUNTIF(A:A, "6 А") -> 0
D13: 6 Б | E13: =COUNTIF(A:A, "6 Б") -> 0
D14: 6 В | E14: =COUNTIF(A:A, "6 В") -> 0
D15: 6 Г | E15: =COUNTIF(A:A, "6 Г") -> 0
D16: 6 Д | E16: =COUNTIF(A:A, "6 Д") -> 0
D17: 7 А | E17: =COUNTIF(A:A, "7 А") -> 0
D18: 7 Б | E18: =COUNTIF(A:A, "7 Б") -> 0
D19: 7 В | E19: =COUNTIF(A:A, "7 В") -> 0
D20: 7 Г | E20: =COUNTIF(A:A, "7 Г") -> 0
D21: 8 А | E21: =COUNTIF(A:A, "8 А") -> 0
D22: 8 Б | E22: =COUNTIF(A:A, "8 Б") -> 0
D23: 8 В | E23: =COUNTIF(A:A, "8 В") -> 0
D24: 9 А | E24: =COUNTIF(A:A, "9 А") -> 0
D25: 9 Б | E25: =COUNTIF(A:A, "9 Б") -> 0
D26: 9 В | E26: =COUNTIF(A:A, "9 В") -> 0
D27: 9 Г | E27: =COUNTIF(A:A, "9 Г") -> 0
D28: 10 А | E28: =COUNTIF(A:A, "10 А") -> 2
D29: 10 Б | E29: =COUNTIF(A:A, "10 Б") -> 0
D30: 11 А | E30: =COUNTIF(A:A, "11 А") -> 0
D31: 11 Б | E31: =COUNTIF(A:A, "11 Б") -> 0
D32: Всего: | E32: =SUM(E2:E31) -> 2

Sheet Экология
A1: Класс | B1: Ученик | D1: Класс | E1: Кол-во
A2: 10 А | B2: Кривошапка Евгений Алексеевич | D2: 4 А | E2: =COUNTIF(A:A, "4 А") -> 0
A3: 10 А | B3: Моськин Павел Сергеевич | D3: 4 Б | E3: =COUNTIF(A:A, "4 Б") -> 0
D4: 4 В | E4: =COUNTIF(A:A, "4 В") -> 0
D5: 4 Г | E5: =COUNTIF(A:A, "4 Г") -> 0
D6: 4 Д | E6: =COUNTIF(A:A, "4 Д") -> 0
D7: 5 А | E7: =COUNTIF(A:A, "5 А") -> 0
D8: 5 Б | E8: =COUNTIF(A:A, "5 Б") -> 0
D9: 5 В | E9: =COUNTIF(A:A, "5 В") -> 0
D10: 5 Г | E10: =COUNTIF(A:A, "5 Г") -> 0
D11: 5 Д | E11: =COUNTIF(A:A, "5 Д") -> 0
D12: 6 А | E12: =COUNTIF(A:A, "6 А") -> 0
D13: 6 Б | E13: =COUNTIF(A:A, "6 Б") -> 0
D14: 6 В | E14: =COUNTIF(A:A, "6 В") -> 0
D15: 6 Г | E15: =COUNTIF(A:A, "6 Г") -> 0
D16: 6 Д | E16: =COUNTIF(A:A, "6 Д") -> 0
D17: 7 А | E17: =COUNTIF(A:A, "7 А") -> 0
D18: 7 Б | E18: =COUNTIF(A:A, "7 Б") -> 0
D19: 7 В | E19: =COUNTIF(A:A, "7 В") -> 0
D20: 7 Г | E20: =COUNTIF(A:A, "7 Г") -> 0
D21: 8 А | E21: =COUNTIF(A:A, "8 А") -> 0
D22: 8 Б | E22: =COUNTIF(A:A, "8 Б") -> 0
D23: 8 В | E23: =COUNTIF(A:A, "8 В") -> 0
D24: 9 А | E24: =COUNTIF(A:A, "9 А") -> 0
D25: 9 Б | E25: =COUNTIF(A:A, "9 Б") -> 0
D26: 9 В | E26: =COUNTIF(A:A, "9 В") -> 0
D27: 9 Г | E27: =COUNTIF(A:A, "9 Г") -> 0
D28: 10 А | E28: =COUNTIF(A:A, "10 А") -> 2
D29: 10 Б | E29: =COUNTIF(A:A, "10 Б") -> 0
D30: 11 А | E30: =COUNTIF(A:A, "11 А") -> 0
D31: 11 Б | E31: =COUNTIF(A:A, "11 Б") -> 0
D32: Всего: | E32: =SUM(E2:E31) -> 2

Sheet Экономика
A1: Класс | B1: Ученик | D1: Класс | E1: Кол-во
A2: 10 А | B2: Кузнецова Анастасия Михайловна | D2: 4 А | E2: =COUNTIF(A:A, "4 А") -> 0
D3: 4 Б | E3: =COUNTIF(A:A, "4 Б") -> 0
D4: 4 В | E4: =COUNTIF(A:A, "4 В") -> 0
D5: 4 Г | E5: =COUNTIF(A:A, "4 Г") -> 0
D6: 4 Д | E6: =COUNTIF(A:A, "4 Д") -> 0
D7: 5 А | E7: =COUNTIF(A:A, "5 А") -> 0
D8: 5 Б | E8: =COUNTIF(A:A, "5 Б") -> 0
D9: 5 В | E9: =COUNTIF(A:A, "5 В") -> 0
D10: 5 Г | E10: =COUNTIF(A:A, "5 Г") -> 0
D11: 5 Д | E11: =COUNTIF(A:A, "5 Д") -> 0
D12: 6 А | E12: =COUNTIF(A:A, "6 А") -> 0
D13: 6 Б | E13: =COUNTIF(A:A, "6 Б") -> 0
D14: 6 В | E14: =COUNTIF(A:A, "6 В") -> 0
D15: 6 Г | E15: =COUNTIF(A:A, "6 Г") -> 0
D16: 6 Д | E16: =COUNTIF(A:A, "6 Д") -> 0
D17: 7 А | E17: =COUNTIF(A:A, "7 А") -> 0
D18: 7 Б | E18: =COUNTIF(A:A, "7 Б") -> 0
D19: 7 В | E19: =COUNTIF(A:A, "7 В") -> 0
D20: 7 Г | E20: =COUNTIF(A:A, "7 Г") -> 0
D21: 8 А | E21: =COUNTIF(A:A, "8 А") -> 0
D22: 8 Б | E22: =COUNTIF(A:A, "8 Б") -> 0
D23: 8 В | E23: =COUNTIF(A:A, "8 В") -> 0
D24: 9 А | E24: =COUNTIF(A:A, "9 А") -> 0
D25: 9 Б | E25: =COUNTIF(A:A, "9 Б") -> 0
D26: 9 В | E26: =COUNTIF(A:A, "9 В") -> 0
D27: 9 Г | E27: =COUNTIF(A:A, "9 Г") -> 0
D28: 10 А | E28: =COUNTIF(A:A, "10 А") -> 1
D29: 10 Б | E29: =COUNTIF(A:A, "10 Б") -> 0
D30: 11 А | E30: =COUNTIF(A:A, "11 А") -> 0
D31: 11 Б | E31: =COUNTIF(A:A, "11 Б") -> 0
D32: Всего: | E32: =SUM(E2:E31) -> 1

Sheet Статистика
A1: Англ. язык | C1: Астрономия | E1: Биология | G1: География | I1: ИИ | K1: Инф.без. | M1: Искусство | O1: Исп.язык | Q1: История | S1: Итал.язык | U1: Кит.язык | W1: Литература | Y1: Математика | AA1: Нем.язык | AC1: ОБЗР | AE1: Обществознание | AG1: Право | AI1: Программирование | AK1: Робототехника | AM1: Русский язык | AO1: Труд | AQ1: Физ.культура | AS1: Физика | AU1: Фран.язык | AW1: Химия | AY1: Экология | BA1: Экономика
A2: Класс | B2: Кол-во | C2: Класс | D2: Кол-во | E2: Класс | F2: Кол-во | G2: Класс | H2: Кол-во | I2: Класс | J2: Кол-во | K2: Класс | L2: Кол-во | M2: Класс | N2: Кол-во | O2: Класс | P2: Кол-во | Q2: Класс | R2: Кол-во | S2: Класс | T2: Кол-во | U2: Класс | V2: Кол-во | W2: Класс | X2: Кол-во | Y2: Класс | Z2: Кол-во | AA2: Класс | AB2: Кол-во | AC2: Класс | AD2: Кол-во | AE2: Класс | AF2: Кол-во | AG2: Класс | AH2: Кол-во | AI2: Класс | AJ2: Кол-во | AK2: Класс | AL2: Кол-во | AM2: Класс | AN2: Кол-во | AO2: Класс | AP2: Кол-во | AQ2: Класс | AR2: Кол-во | AS2: Класс | AT2: Кол-во | AU2: Класс | AV2: Кол-во | AW2: Класс | AX2: Кол-во | AY2: Класс | AZ2: Кол-во | BA2: Класс | BB2: Кол-во
A3: 4 А | B3: ='Англ. язык'!E3 -> 0 | C3: 4 А | D3: =Астрономия!E3 -> 0 | E3: 4 А | F3: =Биология!E3 -> 0 | G3: 4 А | H3: =География!E3 -> 0 | I3: 4 А | J3: =ИИ!E3 -> 0 | K3: 4 А | L3: =Инф.без.!E3 -> 0 | M3: 4 А | N3: =Искусство!E3 -> 0 | O3: 4 А | P3: =Исп.язык!E3 -> 0 | Q3: 4 А | R3: =История!E3 -> 0 | S3: 4 А | T3: =Итал.язык!E3 -> 0 | U3: 4 А | V3: =Кит.язык!E3 -> 0 | W3: 4 А | X3: =Литература!E3 -> 0 | Y3: 4 А | Z3: =Математика!E3 -> 0 | AA3: 4 А | AB3: =Нем.язык!E3 -> 0 | AC3: 4 А | AD3: =ОБЗР!E3 -> 0 | AE3: 4 А | AF3: =Обществознание!E3 -> 0 | AG3: 4 А | AH3: =Право!E3 -> 0 | AI3: 4 А | AJ3: =Программирование!E3 -> 0 | AK3: 4 А | AL3: =Робототехника!E3 -> 0 | AM3: 4 А | AN3: ='Русский язык'!E3 -> 0 | AO3: 4 А | AP3: =Труд!E3 -> 0 | AQ3: 4 А | AR3: =Физ.культура!E3 -> 0 | AS3: 4 А | AT3: =Физика!E3 -> 0 | AU3: 4 А | AV3: =Фран.язык!E3 -> 0 | AW3: 4 А | AX3: =Химия!E3 -> 0 | AY3: 4 А | AZ3: =Экология!E3 -> 0 | BA3: 4 А | BB3: =Экономика!E3 -> 0
A4: 4 Б | B4: ='Англ. язык'!E4 -> 0 | C4: 4 Б | D4: =Астрономия!E4 -> 0 | E4: 4 Б | F4: =Биология!E4 -> 0 | G4: 4 Б | H4: =География!E4 -> 0 | I4: 4 Б | J4: =ИИ!E4 -> 0 | K4: 4 Б | L4: =Инф.без.!E4 -> 0 | M4: 4 Б | N4: =Искусство!E4 -> 0 | O4: 4 Б | P4: =Исп.язык!E4 -> 0 | Q4: 4 Б | R4: =История!E4 -> 0 | S4: 4 Б | T4: =Итал.язык!E4 -> 0 | U4: 4 Б | V4: =Кит.язык!E4 -> 0 | W4: 4 Б | X4: =Литература!E4 -> 0 | Y4: 4 Б | Z4: =Математика!E4 -> 0 | AA4: 4 Б | AB4: =Нем.язык!E4 -> 0 | AC4: 4 Б | AD4: =ОБЗР!E4 -> 0 | AE4: 4 Б | AF4: =Обществознание!E4 -> 0 | AG4: 4 Б | AH4: =Право!E4 -> 0 | AI4: 4 Б | AJ4: =Программирование!E4 -> 0 | AK4: 4 Б | AL4: =Робототехника!E4 -> 0 | AM4: 4 Б | AN4: ='Русский язык'!E4 -> 0 | AO4: 4 Б | AP4: =Труд!E4 -> 0 | AQ4: 4 Б | AR4: =Физ.культура!E4 -> 0 | AS4: 4 Б | AT4: =Физика!E4 -> 0 | AU4: 4 Б | AV4: =Фран.язык!E4 -> 0 | AW4: 4 Б | AX4: =Химия!E4 -> 0 | AY4: 4 Б | AZ4: =Экология!E4 -> 0 | BA4: 4 Б | BB4: =Экономика!E4 -> 0
A5: 4 В | B5: ='Англ. язык'!E5 -> 0 | C5: 4 В | D5: =Астрономия!E5 -> 0 | E5: 4 В | F5: =Биология!E5 -> 0 | G5: 4 В | H5: =География!E5 -> 0 | I5: 4 В | J5: =ИИ!E5 -> 0 | K5: 4 В | L5: =Инф.без.!E5 -> 0 | M5: 4 В | N5: =Искусство!E5 -> 0 | O5: 4 В | P5: =Исп.язык!E5 -> 0 | Q5: 4 В | R5: =История!E5 -> 0 | S5: 4 В | T5: =Итал.язык!E5 -> 0 | U5: 4 В | V5: =Кит.язык!E5 -> 0 | W5: 4 В | X5: =Литература!E5 -> 0 | Y5: 4 В | Z5: =Математика!E5 -> 0 | AA5: 4 В | AB5: =Нем.язык!E5 -> 0 | AC5: 4 В | AD5: =ОБЗР!E5 -> 0 | AE5: 4 В | AF5: =Обществознание!E5 -> 0 | AG5: 4 В | AH5: =Право!E5 -> 0 | AI5: 4 В | AJ5: =Программирование!E5 -> 0 | AK5: 4 В | AL5: =Робототехника!E5 -> 0 | AM5: 4 В | AN5: ='Русский язык'!E5 -> 0 | AO5: 4 В | AP5: =Труд!E5 -> 0 | AQ5: 4 В | AR5: =Физ.культура!E5 -> 0 | AS5: 4 В | AT5: =Физика!E5 -> 0 | AU5: 4 В | AV5: =Фран.язык!E5 -> 0 | AW5: 4 В | AX5: =Химия!E5 -> 0 | AY5: 4 В | AZ5: =Экология!E5 -> 0 | BA5: 4 В | BB5: =Экономика!E5 -> 0
A6: 4 Г | B6: ='Англ. язык'!E6 -> 0 | C6: 4 Г | D6: =Астрономия!E6 -> 0 | E6: 4 Г | F6: =Биология!E6 -> 0 | G6: 4 Г | H6: =География!E6 -> 0 | I6: 4 Г | J6: =ИИ!E6 -> 0 | K6: 4 Г | L6: =Инф.без.!E6 -> 0 | M6: 4 Г | N6: =Искусство!E6 -> 0 | O6: 4 Г | P6: =Исп.язык!E6 -> 0 | Q6: 4 Г | R6: =История!E6 -> 0 | S6: 4 Г | T6: =Итал.язык!E6 -> 0 | U6: 4 Г | V6: =Кит.язык!E6 -> 0 | W6: 4 Г | X6: =Литература!E6 -> 0 | Y6: 4 Г | Z6: =Математика!E6 -> 0 | AA6: 4 Г | AB6: =Нем.язык!E6 -> 0 | AC6: 4 Г | AD6: =ОБЗР!E6 -> 0 | AE6: 4 Г | AF6: =Обществознание!E6 -> 0 | AG6: 4 Г | AH6: =Право!E6 -> 0 | AI6: 4 Г | AJ6: =Программирование!E6 -> 0 | AK6: 4 Г | AL6: =Робототехника!E6 -> 0 | AM6: 4 Г | AN6: ='Русский язык'!E6 -> 0 | AO6: 4 Г | AP6: =Труд!E6 -> 0 | AQ6: 4 Г | AR6: =Физ.культура!E6 -> 0 | AS6: 4 Г | AT6: =Физика!E6 -> 0 | AU6: 4 Г | AV6: =Фран.язык!E6 -> 0 | AW6: 4 Г | AX6: =Химия!E6 -> 0 | AY6: 4 Г | AZ6: =Экология!E6 -> 0 | BA6: 4 Г | BB6: =Экономика!E6 -> 0
A7: 4 Д | B7: ='Англ. язык'!E7 -> 0 | C7: 4 Д | D7: =Астрономия!E7 -> 0 | E7: 4 Д | F7: =Биология!E7 -> 0 | G7: 4 Д | H7: =География!E7 -> 0 | I7: 4 Д | J7: =ИИ!E7 -> 0 | K7: 4 Д | L7: =Инф.без.!E7 -> 0 | M7: 4 Д | N7: =Искусство!E7 -> 0 | O7: 4 Д | P7: =Исп.язык!E7 -> 0 | Q7: 4 Д | R7: =История!E7 -> 0 | S7: 4 Д | T7: =Итал.язык!E7 -> 0 | U7: 4 Д | V7: =Кит.язык!E7 -> 0 | W7: 4 Д | X7: =Литература!E7 -> 0 | Y7: 4 Д | Z7: =Математика!E7 -> 0 | AA7: 4 Д | AB7: =Нем.язык!E7 -> 0 | AC7: 4 Д | AD7: =ОБЗР!E7 -> 0 | AE7: 4 Д | AF7: =Обществознание!E7 -> 0 | AG7: 4 Д | AH7: =Право!E7 -> 0 | AI7: 4 Д | AJ7: =Программирование!E7 -> 0 | AK7: 4 Д | AL7: =Робототехника!E7 -> 0 | AM7: 4 Д | AN7: ='Русский язык'!E7 -> 0 | AO7: 4 Д | AP7: =Труд!E7 -> 0 | AQ7: 4 Д | AR7: =Физ.культура!E7 -> 0 | AS7: 4 Д | AT7: =Физика!E7 -> 0 | AU7: 4 Д | AV7: =Фран.язык!E7 -> 0 | AW7: 4 Д | AX7: =Химия!E7 -> 0 | AY7: 4 Д | AZ7: =Экология!E7 -> 0 | BA7: 4 Д | BB7: =Экономика!E7 -> 0
A8: 5 А | B8: ='Англ. язык'!E8 -> 0 | C8: 5 А | D8: =Астрономия!E8 -> 0 | E8: 5 А | F8: =Биология!E8 -> 0 | G8: 5 А | H8: =География!E8 -> 0 | I8: 5 А | J8: =ИИ!E8 -> 0 | K8: 5 А | L8: =Инф.без.!E8 -> 0 | M8: 5 А | N8: =Искусство!E8 -> 0 | O8: 5 А | P8: =Исп.язык!E8 -> 0 | Q8: 5 А | R8: =История!E8 -> 0 | S8: 5 А | T8: =Итал.язык!E8 -> 0 | U8: 5 А | V8: =Кит.язык!E8 -> 0 | W8: 5 А | X8: =Литература!E8 -> 0 | Y8: 5 А | Z8: =Математика!E8 -> 0 | AA8: 5 А | AB8: =Нем.язык!E8 -> 0 | AC8: 5 А | AD8: =ОБЗР!E8 -> 0 | AE8: 5 А | AF8: =Обществознание!E8 -> 0 | AG8: 5 А | AH8: =Право!E8 -> 0 | AI8: 5 А | AJ8: =Программирование!E8 -> 0 | AK8: 5 А | AL8: =Робототехника!E8 -> 0 | AM8: 5 А | AN8: ='Русский язык'!E8 -> 0 | AO8: 5 А | AP8: =Труд!E8 -> 0 | AQ8: 5 А | AR8: =Физ.культура!E8 -> 0 | AS8: 5 А | AT8: =Физика!E8 -> 0 | AU8: 5 А | AV8: =Фран.язык!E8 -> 0 | AW8: 5 А | AX8: =Химия!E8 -> 0 | AY8: 5 А | AZ8: =Экология!E8 -> 0 | BA8: 5 А | BB8: =Экономика!E8 -> 0
A9: 5 Б | B9: ='Англ. язык'!E9 -> 0 | C9: 5 Б | D9: =Астрономия!E9 -> 0 | E9: 5 Б | F9: =Биология!E9 -> 0 | G9: 5 Б | H9: =География!E9 -> 0 | I9: 5 Б | J9: =ИИ!E9 -> 0 | K9: 5 Б | L9: =Инф.без.!E9 -> 0 | M9: 5 Б | N9: =Искусство!E9 -> 0 | O9: 5 Б | P9: =Исп.язык!E9 -> 0 | Q9: 5 Б | R9: =История!E9 -> 0 | S9: 5 Б | T9: =Итал.язык!E9 -> 0 | U9: 5 Б | V9: =Кит.язык!E9 -> 0 | W9: 5 Б | X9: =Литература!E9 -> 0 | Y9: 5 Б | Z9: =Математика!E9 -> 0 | AA9: 5 Б | AB9: =Нем.язык!E9 -> 0 | AC9: 5 Б | AD9: =ОБЗР!E9 -> 0 | AE9: 5 Б | AF9: =Обществознание!E9 -> 0 | AG9: 5 Б | AH9: =Право!E9 -> 0 | AI9: 5 Б | AJ9: =Программирование!E9 -> 0 | AK9: 5 Б | AL9: =Робототехника!E9 -> 0 | AM9: 5 Б | AN9: ='Русский язык'!E9 -> 0 | AO9: 5 Б | AP9: =Труд!E9 -> 0 | AQ9: 5 Б | AR9: =Физ.культура!E9 -> 0 | AS9: 5 Б | AT9: =Физика!E9 -> 0 | AU9: 5 Б | AV9: =Фран.язык!E9 -> 0 | AW9: 5 Б | AX9: =Химия!E9 -> 0 | AY9: 5 Б | AZ9: =Экология!E9 -> 0 | BA9: 5 Б | BB9: =Экономика!E9 -> 0
A10: 5 В | B10: ='Англ. язык'!E10 -> 0 | C10: 5 В | D10: =Астрономия!E10 -> 0 | E10: 5 В | F10: =Биология!E10 -> 0 | G10: 5 В | H10: =География!E10 -> 0 | I10: 5 В | J10: =ИИ!E10 -> 0 | K10: 5 В | L10: =Инф.без.!E10 -> 0 | M10: 5 В | N10: =Искусство!E10 -> 0 | O10: 5 В | P10: =Исп.язык!E10 -> 0 | Q10: 5 В | R10: =История!E10 -> 0 | S10: 5 В | T10: =Итал.язык!E10 -> 0 | U10: 5 В | V10: =Кит.язык!E10 -> 0 | W10: 5 В | X10: =Литература!E10 -> 0 | Y10: 5 В | Z10: =Математика!E10 -> 0 | AA10: 5 В | AB10: =Нем.язык!E10 -> 0 | AC10: 5 В | AD10: =ОБЗР!E10 -> 0 | AE10: 5 В | AF10: =Обществознание!E10 -> 0 | AG10: 5 В | AH10: =Право!E10 -> 0 | AI10: 5 В | AJ10: =Программирование!E10 -> 0 | AK10: 5 В | AL10: =Робототехника!E10 -> 0 | AM10: 5 В | AN10: ='Русский язык'!E10 -> 0 | AO10: 5 В | AP10: =Труд!E10 -> 0 | AQ10: 5 В | AR10: =Физ.культура!E10 -> 0 | AS10: 5 В | AT10: =Физика!E10 -> 0 | AU10: 5 В | AV10: =Фран.язык!E10 -> 0 | AW10: 5 В | AX10: =Химия!E10 -> 0 | AY10: 5 В | AZ10: =Экология!E10 -> 0 | BA10: 5 В | BB10: =Экономика!E10 -> 0
A11: 5 Г | B11: ='Англ. язык'!E11 -> 0 | C11: 5 Г | D11: =Астрономия!E11 -> 0 | E11: 5 Г | F11: =Биология!E11 -> 0 | G11: 5 Г | H11: =География!E11 -> 0 | I11: 5 Г | J11: =ИИ!E11 -> 0 | K11: 5 Г | L11: =Инф.без.!E11 -> 0 | M11: 5 Г | N11: =Искусство!E11 -> 0 | O11: 5 Г | P11: =Исп.язык!E11 -> 0 | Q11: 5 Г | R11: =История!E11 -> 0 | S11: 5 Г | T11: =Итал.язык!E11 -> 0 | U11: 5 Г | V11: =Кит.язык!E11 -> 0 | W11: 5 Г | X11: =Литература!E11 -> 0 | Y11: 5 Г | Z11: =Математика!E11 -> 0 | AA11: 5 Г | AB11: =Нем.язык!E11 -> 0 | AC11: 5 Г | AD11: =ОБЗР!E11 -> 0 | AE11: 5 Г | AF11: =Обществознание!E11 -> 0 | AG11: 5 Г | AH11: =Право!E11 -> 0 | AI11: 5 Г | AJ11: =Программирование!E11 -> 0 | AK11: 5 Г | AL11: =Робототехника!E11 -> 0 | AM11: 5 Г | AN11: ='Русский язык'!E11 -> 0 | AO11: 5 Г | AP11: =Труд!E11 -> 0 | AQ11: 5 Г | AR11: =Физ.культура!E11 -> 0 | AS11: 5 Г | AT11: =Физика!E11 -> 0 | AU11: 5 Г | AV11: =Фран.язык!E11 -> 0 | AW11: 5 Г | AX11: =Химия!E11 -> 0 | AY11: 5 Г | AZ11: =Экология!E11 -> 0 | BA11: 5 Г | BB11: =Экономика!E11 -> 0
A12: 5 Д | B12: ='Англ. язык'!E12 -> 0 | C12: 5 Д | D12: =Астрономия!E12 -> 0 | E12: 5 Д | F12: =Биология!E12 -> 0 | G12: 5 Д | H12: =География!E12 -> 0 | I12: 5 Д | J12: =ИИ!E12 -> 0 | K12: 5 Д | L12: =Инф.без.!E12 -> 0 | M12: 5 Д | N12: =Искусство!E12 -> 0 | O12: 5 Д | P12: =Исп.язык!E12 -> 0 | Q12: 5 Д | R12: =История!E12 -> 0 | S12: 5 Д | T12: =Итал.язык!E12 -> 0 | U12: 5 Д | V12: =Кит.язык!E12 -> 0 | W12: 5 Д | X12: =Литература!E12 -> 0 | Y12: 5 Д | Z12: =Математика!E12 -> 0 | AA12: 5 Д | AB12: =Нем.язык!E12 -> 0 | AC12: 5 Д | AD12: =ОБЗР!E12 -> 0 | AE12: 5 Д | AF12: =Обществознание!E12 -> 0 | AG12: 5 Д | AH12: =Право!E12 -> 0 | AI12: 5 Д | AJ12: =Программирование!E12 -> 0 | AK12: 5 Д | AL12: =Робототехника!E12 -> 0 | AM12: 5 Д | AN12: ='Русский язык'!E12 -> 0 | AO12: 5 Д | AP12: =Труд!E12 -> 0 | AQ12: 5 Д | AR12: =Физ.культура!E12 -> 0 | AS12: 5 Д | AT12: =Физика!E12 -> 0 | AU12: 5 Д | AV12: =Фран.язык!E12 -> 0 | AW12: 5 Д | AX12: =Химия!E12 -> 0 | AY12: 5 Д | AZ12: =Экология!E12 -> 0 | BA12: 5 Д | BB12: =Экономика!E12 -> 0
A13: 6 А | B13: ='Англ. язык'!E13 -> 0 | C13: 6 А | D13: =Астрономия!E13 -> 0 | E13: 6 А | F13: =Биология!E13 -> 0 | G13: 6 А | H13: =География!E13 -> 0 | I13: 6 А | J13: =ИИ!E13 -> 0 | K13: 6 А | L13: =Инф.без.!E13 -> 0 | M13: 6 А | N13: =Искусство!E13 -> 0 | O13: 6 А | P13: =Исп.язык!E13 -> 0 | Q13: 6 А | R13: =История!E13 -> 0 | S13: 6 А | T13: =Итал.язык!E13 -> 0 | U13: 6 А | V13: =Кит.язык!E13 -> 0 | W13: 6 А | X13: =Литература!E13 -> 0 | Y13: 6 А | Z13: =Математика!E13 -> 0 | AA13: 6 А | AB13: =Нем.язык!E13 -> 0 | AC13: 6 А | AD13: =ОБЗР!E13 -> 0 | AE13: 6 А | AF13: =Обществознание!E13 -> 0 | AG13: 6 А | AH13: =Право!E13 -> 0 | AI13: 6 А | AJ13: =Программирование!E13 -> 0 | AK13: 6 А | AL13: =Робототехника!E13 -> 0 | AM13: 6 А | AN13: ='Русский язык'!E13 -> 0 | AO13: 6 А | AP13: =Труд!E13 -> 0 | AQ13: 6 А | AR13: =Физ.культура!E13 -> 0 | AS13: 6 А | AT13: =Физика!E13 -> 0 | AU13: 6 А | AV13: =Фран.язык!E13 -> 0 | AW13: 6 А | AX13: =Химия!E13 -> 0 | AY13: 6 А | AZ13: =Экология!E13 -> 0 | BA13: 6 А | BB13: =Экономика!E13 -> 0
A14: 6 Б | B14: ='Англ. язык'!E14 -> 0 | C14: 6 Б | D14: =Астрономия!E14 -> 0 | E14: 6 Б | F14: =Биология!E14 -> 0 | G14: 6 Б | H14: =География!E14 -> 0 | I14: 6 Б | J14: =ИИ!E14 -> 0 | K14: 6 Б | L14: =Инф.без.!E14 -> 0 | M14: 6 Б | N14: =Искусство!E14 -> 0 | O14: 6 Б | P14: =Исп.язык!E14 -> 0 | Q14: 6 Б | R14: =История!E14 -> 0 | S14: 6 Б | T14: =Итал.язык!E14 -> 0 | U14: 6 Б | V14: =Кит.язык!E14 -> 0 | W14: 6 Б | X14: =Литература!E14 -> 0 | Y14: 6 Б | Z14: =Математика!E14 -> 0 | AA14: 6 Б | AB14: =Нем.язык!E14 -> 0 | AC14: 6 Б | AD14: =ОБЗР!E14 -> 0 | AE14: 6 Б | AF14: =Обществознание!E14 -> 0 | AG14: 6 Б | AH14: =Право!E14 -> 0 | AI14: 6 Б | AJ14: =Программирование!E14 -> 0 | AK14: 6 Б | AL14: =Робототехника!E14 -> 0 | AM14: 6 Б | AN14: ='Русский язык'!E14 -> 0 | AO14: 6 Б | AP14: =Труд!E14 -> 0 | AQ14: 6 Б | AR14: =Физ.культура!E14 -> 0 | AS14: 6 Б | AT14: =Физика!E14 -> 0 | AU14: 6 Б | AV14: =Фран.язык!E14 -> 0 | AW14: 6 Б | AX14: =Химия!E14 -> 0 | AY14: 6 Б | AZ14: =Экология!E14 -> 0 | BA14: 6 Б | BB14: =Экономика!E14 -> 0
... A32: 11 Б | B32: ='Англ. язык'!E32 -> 2 | C32: 11 Б | D32: =Астрономия!E32 -> 3 | E32: 11 Б | F32: =Биология!E32 -> 3 | G32: 11 Б | H32: =География!E32 -> 3 | I32: 11 Б | J32: =ИИ!E32 -> 3 | K32: 11 Б | L32: =Инф.без.!E32 -> 3 | M32: 11 Б | N32: =Искусство!E32 -> 3 | O32: 11 Б | P32: =Исп.язык!E32 -> 3 | Q32: 11 Б | R32: =История!E32 -> 3 | S32: 11 Б | T32: =Итал.язык!E32 -> 3 | U32: 11 Б | V32: =Кит.язык!E32 -> 3 | W32: 11 Б | X32: =Литература!E32 -> 3 | Y32: 11 Б | Z32: =Математика!E32 -> 22 | AA32: 11 Б | AB32: =Нем.язык!E32 -> 3 | AC32: 11 Б | AD32: =ОБЗР!E32 -> 3 | AE32: 11 Б | AF32: =Обществознание!E32 -> 4 | AG32: 11 Б | AH32: =Право!E32 -> 3 | AI32: 11 Б | AJ32: =Программирование!E32 -> 4 | AK32: 11 Б | AL32: =Робототехника!E32 -> 3 | AM32: 11 Б | AN32: ='Русский язык'!E32 -> 15 | AO32: 11 Б | AP32: =Труд!E32 -> 3 | AQ32: 11 Б | AR32: =Физ.культура!E32 -> 2 | AS32: 11 Б | AT32: =Физика!E32 -> 3 | AU32: 11 Б | AV32: =Фран.язык!E32 -> 2 | AW32: 11 Б | AX32: =Химия!E32 -> 2 | AY32: 11 Б | AZ32: =Экология!E32 -> 2 | BA32: 11 Б | BB32: =Экономика!E32 -> 1
A33: Всего: | B33: =SUM(B2:B32) -> 4 | C33: Всего: | D33: =SUM(D2:D32) -> 6 | E33: Всего: | F33: =SUM(F2:F32) -> 6 | G33: Всего: | H33: =SUM(H2:H32) -> 6 | I33: Всего: | J33: =SUM(J2:J32) -> 6 | K33: Всего: | L33: =SUM(L2:L32) -> 6 | M33: Всего: | N33: =SUM(N2:N32) -> 6 | O33: Всего: | P33: =SUM(P2:P32) -> 6 | Q33: Всего: | R33: =SUM(R2:R32) -> 6 | S33: Всего: | T33: =SUM(T2:T32) -> 6 | U33: Всего: | V33: =SUM(V2:V32) -> 6 | W33: Всего: | X33: =SUM(X2:X32) -> 6 | Y33: Всего: | Z33: =SUM(Z2:Z32) -> 25 | AA33: Всего: | AB33: =SUM(AB2:AB32) -> 6 | AC33: Всего: | AD33: =SUM(AD2:AD32) -> 6 | AE33: Всего: | AF33: =SUM(AF2:AF32) -> 8 | AG33: Всего: | AH33: =SUM(AH2:AH32) -> 6 | AI33: Всего: | AJ33: =SUM(AJ2:AJ32) -> 8 | AK33: Всего: | AL33: =SUM(AL2:AL32) -> 6 | AM33: Всего: | AN33: =SUM(AN2:AN32) -> 19 | AO33: Всего: | AP33: =SUM(AP2:AP32) -> 6 | AQ33: Всего: | AR33: =SUM(AR2:AR32) -> 4 | AS33: Всего: | AT33: =SUM(AT2:AT32) -> 6 | AU33: Всего: | AV33: =SUM(AV2:AV32) -> 4 | AW33: Всего: | AX33: =SUM(AX2:AX32) -> 4 | AY33: Всего: | AZ33: =SUM(AZ2:AZ32) -> 4 | BA33: Всего: | BB33: =SUM(BB2:BB32) -> 2
